first_name,last_name,company_name,address,city,county,postal,phone1,phone2,email,web,full_name,email_domain,city_length,is_gmail,company_word_count
Aleshia,Tomkiewicz,Alan D Rosenburg Cpa Pc,14 Taylor St,St. Stephens Ward,Kent,CT2 7PP,01835-703597,01944-369967,atomkiewicz@hotmail.com,http://www.alandrosenburgcpapc.co.uk,Aleshia Tomkiewicz,hotmail.com,17,False,5
Evan,Zigomalas,Cap Gemini America,5 Binney St,Abbey Ward,Buckinghamshire,HP11 2AX,01937-864715,01714-737668,evan.zigomalas@gmail.com,http://www.capgeminiamerica.co.uk,Evan Zigomalas,gmail.com,10,True,3
France,Andrade,"Elliott, John W Esq",8 Moor Place,East Southbourne and Tuckton W,Bournemouth,BH6 3BE,01347-368222,01935-821636,france.andrade@hotmail.com,http://www.elliottjohnwesq.co.uk,France Andrade,hotmail.com,30,False,4
Ulysses,Mcwalters,"Mcmahan, Ben L",505 Exeter Rd,Hawerby cum Beesby,Lincolnshire,DN36 5RP,01912-771311,01302-601380,ulysses@hotmail.com,http://www.mcmahanbenl.co.uk,Ulysses Mcwalters,hotmail.com,18,False,3
Tyisha,Veness,Champagne Room,5396 Forth Street,Greets Green and Lyng Ward,West Midlands,B70 9DT,01547-429341,01290-367248,tyisha.veness@hotmail.com,http://www.champagneroom.co.uk,Tyisha Veness,hotmail.com,26,False,2
Eric,Rampy,"Thompson, Michael C Esq",9472 Lind St,Desborough,Northamptonshire,NN14 2GH,01969-886290,01545-817375,erampy@rampy.co.uk,http://www.thompsonmichaelcesq.co.uk,Eric Rampy,rampy.co.uk,10,False,4
Marg,Grasmick,Wrangle Hill Auto Auct & Slvg,7457 Cowl St #70,Bargate Ward,Southampton,SO14 3TY,01865-582516,01362-620532,marg@hotmail.com,http://www.wranglehillautoauctslvg.co.uk,Marg Grasmick,hotmail.com,12,False,6
Laquita,Hisaw,In Communications Inc,20 Gloucester Pl #96,Chirton Ward,Tyne & Wear,NE29 7AD,01746-394243,01590-982428,laquita@yahoo.com,http://www.incommunicationsinc.co.uk,Laquita Hisaw,yahoo.com,12,False,3
Lura,Manzella,Bizerba Usa Inc,929 Augustine St,Staple Hill Ward,South Gloucestershire,BS16 4LL,01907-538509,01340-713951,lura@hotmail.com,http://www.bizerbausainc.co.uk,Lura Manzella,hotmail.com,16,False,3
Yuette,Klapec,Max Video,45 Bradfield St #166,Parwich,Derbyshire,DE6 1QN,01903-649460,01933-512513,yuette.klapec@klapec.co.uk,http://www.maxvideo.co.uk,Yuette Klapec,klapec.co.uk,7,False,2
Fernanda,Writer,K & R Associates Inc,620 Northampton St,Wilmington,Kent,DA2 7PP,01630-202053,01687-879391,fernanda@writer.co.uk,http://www.krassociatesinc.co.uk,Fernanda Writer,writer.co.uk,10,False,5
Charlesetta,Erm,"Cain, John M Esq",5 Hygeia St,Loundsley Green Ward,Derbyshire,S40 4LY,01276-816806,01517-624517,charlesetta_erm@gmail.com,http://www.cainjohnmesq.co.uk,Charlesetta Erm,gmail.com,20,True,4
Corrinne,Jaret,Sound Vision Corp,2150 Morley St,Dee Ward,Dumfries and Galloway,DG8 7DE,01625-932209,01642-322954,corrinne_jaret@gmail.com,http://www.soundvisioncorp.co.uk,Corrinne Jaret,gmail.com,8,True,3
Niesha,Bruch,Rowley/hansell Petetin,24 Bolton St,"Broxburn, Uphall and Winchburg",West Lothian,EH52 5TL,01874-856950,01342-793603,niesha.bruch@yahoo.com,http://www.rowleyhansellpetetin.co.uk,Niesha Bruch,yahoo.com,30,False,2
Rueben,Gastellum,Industrial Engineering Assocs,4 Forrest St,Weston-Super-Mare,North Somerset,BS23 3HG,01976-755279,01956-535511,rueben_gastellum@gastellum.co.uk,http://www.industrialengineeringassocs.co.uk,Rueben Gastellum,gastellum.co.uk,17,False,3
Michell,Throssell,Weiss Spirt & Guyer,89 Noon St,Carbrooke,Norfolk,IP25 6JQ,01967-580851,01672-496478,mthrossell@throssell.co.uk,http://www.weissspirtguyer.co.uk,Michell Throssell,throssell.co.uk,9,False,4
Edgar,Kanne,"Crowan, Kenneth W Esq",99 Guthrie St,New Milton,Hampshire,BH25 5DF,01326-532337,01666-638176,edgar.kanne@yahoo.com,http://www.crowankennethwesq.co.uk,Edgar Kanne,yahoo.com,10,False,4
Dewitt,Julio,Rittenhouse Motor Co,7 Richmond St,Parkham,Devon,EX39 5DJ,01253-528327,01241-964675,dewitt.julio@hotmail.com,http://www.rittenhousemotorco.co.uk,Dewitt Julio,hotmail.com,7,False,3
Charisse,Spinello,Modern Plastics Corp,9165 Primrose St,Darnall Ward,"Yorkshire, South",S4 7WN,01719-831436,01207-428520,charisse_spinello@spinello.co.uk,http://www.modernplasticscorp.co.uk,Charisse Spinello,spinello.co.uk,12,False,3
Mee,Lapinski,Galloway Electric Co Inc,9 Pengwern St,Marldon,Devon,TQ3 1SA,01578-287816,01939-815208,mee.lapinski@yahoo.com,http://www.gallowayelectriccoinc.co.uk,Mee Lapinski,yahoo.com,7,False,4
Peter,Gutierres,Niagara Custombuilt Mfg Co,4410 Tarlton St,Prestatyn Community,Denbighshire,LL19 9EG,01842-767201,01859-648598,peter_gutierres@yahoo.com,http://www.niagaracustombuiltmfgco.co.uk,Peter Gutierres,yahoo.com,19,False,4
Octavio,Salvadore,Practical Periphrals,6949 Bourne St,Lye and Stourbridge North Ward,West Midlands,DY5 2QP,01552-709248,01743-139456,octavio.salvadore@yahoo.com,http://www.practicalperiphrals.co.uk,Octavio Salvadore,yahoo.com,30,False,2
Martha,Teplica,"Curtin, Patricia M Esq",148 Rembrandt St,Warlingham,Surrey,CR6 9SW,01677-684257,01583-287367,mteplica@teplica.co.uk,http://www.curtinpatriciamesq.co.uk,Martha Teplica,teplica.co.uk,10,False,4
Tamesha,Veigel,"Wilhelm, James E Jr",2200 Nelson St #58,Newport,Isle of Wight,PO30 5AL,01217-342071,01280-786847,tveigel@veigel.co.uk,http://www.wilhelmjamesejr.co.uk,Tamesha Veigel,veigel.co.uk,7,False,4
Tess,Sitra,Smart Signs,61 Rossett St,Chichester,West Sussex,PO19 1RH,01473-229124,01848-116775,tess_sitra@hotmail.com,http://www.smartsigns.co.uk,Tess Sitra,hotmail.com,10,False,2
Leonard,Kufner,Arctic Star Distributing Inc,41 Canning St,Steornabhagh a Deas Ward,Western Isles,HS1 2PZ,01230-623547,01604-718601,lkufner@kufner.co.uk,http://www.arcticstardistributinginc.co.uk,Leonard Kufner,kufner.co.uk,24,False,4
Svetlana,Tauras,"Lensbower, Gregory L Esq",8289 Cadogan St,South Ward,North Eart Lincolnshire,DN33 1AU,01781-827317,01509-121140,svetlana_tauras@tauras.co.uk,http://www.lensbowergregorylesq.co.uk,Svetlana Tauras,tauras.co.uk,10,False,4
Pok,Molaison,Portal Metal Products,211 Hobart St,Newquay,Cornwall,TR7 1LS,01866-248660,01315-284286,pok@yahoo.com,http://www.portalmetalproducts.co.uk,Pok Molaison,yahoo.com,7,False,3
Augustine,Growcock,"Lynema, Cliff Cpa",114 Falkland St #8845,Brimpton,Berkshire,RG7 4RF,01541-802635,01926-108010,augustine.growcock@growcock.co.uk,http://www.lynemacliffcpa.co.uk,Augustine Growcock,growcock.co.uk,8,False,3
Karma,Quarto,J C S Machinery,1 Birkett St,Shard End Ward,West Midlands,B33 0NH,01857-864722,01307-667811,kquarto@gmail.com,http://www.jcsmachinery.co.uk,Karma Quarto,gmail.com,14,True,4
Reed,Weisinger,"Berick, Joseph G Esq",5147 Blackstone St,Letchworth South West Ward,Hertfordshire,SG6 3LE,01243-678286,01292-297245,reed_weisinger@yahoo.com,http://www.berickjosephgesq.co.uk,Reed Weisinger,yahoo.com,26,False,4
German,Zelaya,Jackson & Heit Machine Co Inc,7 Shenstone St,Longhill Ward,"Yorkshire, East (North Humbers",HU8 9PZ,01400-269033,01366-210656,german@hotmail.com,http://www.jacksonheitmachinecoinc.co.uk,German Zelaya,hotmail.com,13,False,6
Milly,Savidge,Bridgeway Plan For Health,129 Alexander Pope St,Franche Ward,Hereford and Worcester,DY11 9BW,01702-725589,01421-132652,milly@gmail.com,http://www.bridgewayplanforhealth.co.uk,Milly Savidge,gmail.com,12,True,4
Luis,Ear,Wa Inst For Plcy Studies,2 Birchfield Rd,Whittington,Shropshire,SY11 4PH,01462-648669,01405-648623,luis@hotmail.com,http://www.wainstforplcystudies.co.uk,Luis Ear,hotmail.com,11,False,5
Ciara,Cobbley,Wmgl 101.7 Fm,7523 Kempton Rd,Cockerton West Ward,Darlington,DL3 0JF,01235-647932,01809-443217,ciara_cobbley@hotmail.com,http://www.wmglfm.co.uk,Ciara Cobbley,hotmail.com,19,False,3
Alethea,Mould,"Hughlett, Henry T Jr",6305 Elstow St,Castle Ward,West Sussex,BN12 6PR,01662-114247,01351-868965,alethea@hotmail.com,http://www.hughletthenrytjr.co.uk,Alethea Mould,hotmail.com,11,False,4
Margurite,Loperfido,Penrose Place Pharmacy Inc,218 Greenbank Drive,Devizes,Wiltshire,SN10 3DU,01407-866759,01640-661191,mloperfido@gmail.com,http://www.penroseplacepharmacyinc.co.uk,Margurite Loperfido,gmail.com,7,True,4
Vernice,Sperazza,"Novak, Alan Paul Esq",8921 Forge St,Colnbrook with Poyle,Buckinghamshire,SL3 0PY,01822-563044,01765-519419,vernice@yahoo.com,http://www.novakalanpaulesq.co.uk,Vernice Sperazza,yahoo.com,20,False,4
Vicente,Rawicki,B & S Tool And Cutter Svc Inc,3060 St Ambrose Grove #261,Aldridge Central and South War,West Midlands,WS9 8UR,01327-770774,01286-258121,vicente_rawicki@hotmail.com,http://www.bstoolandcuttersvcinc.co.uk,Vicente Rawicki,hotmail.com,30,False,8
Craig,Cua,"Berry, John M Esq",8388 Bessemer St #5,East Putney Ward,Greater London,SW15 2RP,01483-418969,01818-980469,craig@hotmail.com,http://www.berryjohnmesq.co.uk,Craig Cua,hotmail.com,16,False,4
Jenise,Dulle,"Alden, Michael H Esq",87 Pownall Sq,Sawston,Cambridgeshire,CB22 3BB,01709-854691,01572-193368,jenise.dulle@hotmail.com,http://www.aldenmichaelhesq.co.uk,Jenise Dulle,hotmail.com,7,False,4
Marylin,Cornelison,Ernest E Heuer & Company Pc,39 Wye St,Wakefield North Ward,West Yorkshire,WF1 1DR,01609-882184,01295-331807,marylin_cornelison@yahoo.com,http://www.ernesteheuercompanypc.co.uk,Marylin Cornelison,yahoo.com,20,False,6
Marget,Gunst,"Frankel, Stephen",2732 Bostock St #1,St. Enoder,Cornwall,TR9 6NJ,01693-310794,01512-975244,mgunst@yahoo.com,http://www.frankelstephen.co.uk,Marget Gunst,yahoo.com,10,False,2
Annett,Bunselmeyer,Guynes Design Inc,5562 Fairfield St #847,Ryde,Isle of Wight,PO33 1HH,01891-702579,01333-972244,abunselmeyer@hotmail.com,http://www.guynesdesigninc.co.uk,Annett Bunselmeyer,hotmail.com,4,False,3
Kip,Turziano,General Appraisal Co,37 Meadow St,Laindon Park Ward,Essex,SS15 6LE,01850-347846,01222-164469,kip.turziano@yahoo.com,http://www.generalappraisalco.co.uk,Kip Turziano,yahoo.com,17,False,3
Melina,Orizabal,Sheraton Inn Ocean Front,3 Nevison St,Lymington and Pennington,Hampshire,SO41 1DL,01420-307327,01245-559333,melina@gmail.com,http://www.sheratoninnoceanfront.co.uk,Melina Orizabal,gmail.com,24,True,4
Tina,Clapham,Cooper Myers Y Co,5662 William Moult St,Aylesbury,Buckinghamshire,HP21 8PP,01567-296442,01493-245349,tclapham@gmail.com,http://www.coopermyersyco.co.uk,Tina Clapham,gmail.com,9,True,4
Luisa,Devereux,Cash 4 Checks,3 North View #35,Burmantofts and Richmond Hill,West Yorkshire,LS9 7JH,01607-269930,01334-807355,ldevereux@gmail.com,http://www.cashchecks.co.uk,Luisa Devereux,gmail.com,29,True,3
Pedro,Aschoff,Charlotte Chamber,135 Opie St,Howard Town Ward,Derbyshire,SK13 8BB,01386-981141,01823-517315,paschoff@yahoo.com,http://www.charlottechamber.co.uk,Pedro Aschoff,yahoo.com,16,False,2
Carrol,Kunimitsu,Kisc 98 Kiss Fm,1 Askew St,Farnham,Surrey,GU9 9AS,01260-641258,01415-364461,carrol_kunimitsu@yahoo.com,http://www.kisckissfm.co.uk,Carrol Kunimitsu,yahoo.com,7,False,4
Alba,Mosseri,"Schwartzbard, Gail L Esq",4 Burnall St,Beeston West Ward,Nottinghamshire,NG9 1AE,01543-198690,01231-806535,alba@gmail.com,http://www.schwartzbardgaillesq.co.uk,Alba Mosseri,gmail.com,17,True,4
Domonique,Sandlin,Marketing Horizons Inc,95 Denton St,Wollaton West Ward,Nottinghamshire,NG8 2NB,01355-500797,01987-728730,domonique@hotmail.com,http://www.marketinghorizonsinc.co.uk,Domonique Sandlin,hotmail.com,18,False,3
Rory,Neufville,"Brady, Brad J Esq",5 Chadwick St #7,Llangeler Community,Ceredigion,SA44 5HF,01252-621329,01442-700486,rory_neufville@neufville.co.uk,http://www.bradybradjesq.co.uk,Rory Neufville,neufville.co.uk,19,False,4
Dustin,Klingaman,Welders Supply,67 Micawber St,Brockley Ward,Greater London,SE14 6RQ,01712-135466,01523-775781,dklingaman@gmail.com,http://www.welderssupply.co.uk,Dustin Klingaman,gmail.com,13,True,2
Lyndia,Moonshower,Bomarko Inc,43 Williamson St #7995,Meads Ward,East Sussex,BN20 7HB,01469-300335,01789-132579,lyndia_moonshower@moonshower.co.uk,http://www.bomarkoinc.co.uk,Lyndia Moonshower,moonshower.co.uk,10,False,2
Jules,Hiltner,"Benitez, Brigida Esq",5 Howe St,"Broxburn, Uphall and Winchburg",West Lothian,EH52 6NF,01428-343825,01814-878359,jules@yahoo.com,http://www.benitezbrigidaesq.co.uk,Jules Hiltner,yahoo.com,30,False,3
Dong,Kopczynski,Kennedy Scales Inc,7 Cheapside #9,St. Ive,Cornwall,PL14 5PA,01770-129032,01639-518104,dkopczynski@kopczynski.co.uk,http://www.kennedyscalesinc.co.uk,Dong Kopczynski,kopczynski.co.uk,7,False,3
Justine,Salta,Barajas & Bustamante Archl,85 Bridgewater St,Shard End Ward,West Midlands,B34 7BP,01689-253476,01376-851958,justine_salta@yahoo.com,http://www.barajasbustamantearchl.co.uk,Justine Salta,yahoo.com,14,False,4
Chantay,Kamens,Brewster Wallcoverings Co,763 Parkfield Rd,Norton Canes,Staffordshire,WS11 9RH,01823-383806,01245-146126,ckamens@hotmail.com,http://www.brewsterwallcoveringsco.co.uk,Chantay Kamens,hotmail.com,12,False,3
Tequila,Chisum,Bohs Well Drilling Inc,662 Grove Park,Bulwell Ward,Nottinghamshire,NG6 8RG,01835-634521,01702-946496,tequila.chisum@chisum.co.uk,http://www.bohswelldrillinginc.co.uk,Tequila Chisum,chisum.co.uk,12,False,4
Maybelle,Consolazio,"Gavin, Lee W Esq",5410 Lawton St,Treorchy Community,Rhondda Cynon Taff,CF42 6PL,01383-647035,01351-200904,mconsolazio@yahoo.com,http://www.gavinleewesq.co.uk,Maybelle Consolazio,yahoo.com,18,False,4
Margarett,Bairo,"Reid, Carleton B Esq",3 August Rd,Maybury and Sheerwater Ward,Surrey,GU21 5QL,01670-813697,01903-424890,margarett@gmail.com,http://www.reidcarletonbesq.co.uk,Margarett Bairo,gmail.com,27,True,4
Janessa,Noonon,"Canterbury, Christopher C",476 Starkie St,Westgate Ward,Gloucestershire,GL1 1QW,01472-324699,01841-979075,jnoonon@yahoo.com,http://www.canterburychristopherc.co.uk,Janessa Noonon,yahoo.com,13,False,3
Sol,Cowser,Omni Mandalay,6448 Tillard St,Conisbrough and Denaby Ward,South Yorkshire,DN12 4JF,01412-528394,01580-134516,sol@gmail.com,http://www.omnimandalay.co.uk,Sol Cowser,gmail.com,27,True,2
Louann,Smethers,Lba Savings Bank,3055 Creswick St,Newbold and Brownsover Ward,Warwickshire,CV21 1LN,01670-234959,01488-872531,louann@gmail.com,http://www.lbasavingsbank.co.uk,Louann Smethers,gmail.com,27,True,3
Lindsay,Yadao,"Lutz, Christopher T Esq",7 Jolliffe St,Middlewich,Cheshire,CW10 9GB,01947-566661,01481-295251,lindsay_yadao@yadao.co.uk,http://www.lutzchristophertesq.co.uk,Lindsay Yadao,yadao.co.uk,10,False,4
Malika,Hanton,Association Of Art Museum Dir,1175 Greig St,St. Marys Ward,Greater Manchester,M25 0ZN,01532-497454,01705-208145,malika@gmail.com,http://www.associationofartmuseumdir.co.uk,Malika Hanton,gmail.com,14,True,5
Stefany,Ferenz,L & L Sales Co Inc,636 Portland Place,Gresham Ward,Middlesbrough,TS1 4RG,01743-977277,01704-986828,stefany@hotmail.com,http://www.llsalescoinc.co.uk,Stefany Ferenz,hotmail.com,12,False,6
Abraham,Cratch,"Cavuto, John A",41 Benedict St,Aldborough Ward,Greater London,IG2 7QG,01599-245408,01695-305111,acratch@gmail.com,http://www.cavutojohna.co.uk,Abraham Cratch,gmail.com,15,True,3
Giuseppe,Rohaley,Pacific Coast Packaging,62 Margaret St,Royal Hospital Ward,Greater London,SW3 4ND,01345-400452,01866-845669,giuseppe@yahoo.com,http://www.pacificcoastpackaging.co.uk,Giuseppe Rohaley,yahoo.com,19,False,3
Kiera,Bassil,Storm Eye Institute,5152 Sophia St,Woodstock Ward,South Gloucestershire,BS15 8DS,01655-519837,01783-446052,kbassil@bassil.co.uk,http://www.stormeyeinstitute.co.uk,Kiera Bassil,bassil.co.uk,14,False,3
Wendell,Rubano,Automation Engrg & Mfg Inc,1 Back Canning St,Dunblane and Bridge of Allan W,Stirling,FK9 4LD,01837-530939,01752-386691,wendell_rubano@hotmail.com,http://www.automationengrgmfginc.co.uk,Wendell Rubano,hotmail.com,30,False,5
Stevie,Stifflemire,Packaging Corp Of America,9 Gradwell St,Kempshott Ward,Hampshire,RG22 5HA,01262-808399,01411-169215,stevie_stifflemire@stifflemire.co.uk,http://www.packagingcorpofamerica.co.uk,Stevie Stifflemire,stifflemire.co.uk,14,False,4
Yun,Paletta,"Goe, Douglas E Esq",9205 Upper Hill St,City and Hunslet Ward,West Yorkshire,LS1 5QE,01350-332706,01374-255198,yun_paletta@paletta.co.uk,http://www.goedouglaseesq.co.uk,Yun Paletta,paletta.co.uk,21,False,4
Brittani,Thurm,Burgess Steel Products Corp,9 Horatio St,Ruckinge,Kent,TN26 2PN,01686-306597,01970-890023,bthurm@yahoo.com,http://www.burgesssteelproductscorp.co.uk,Brittani Thurm,yahoo.com,8,False,4
Billy,Venus,Tipton & Hurst,61 Miriam St,Abbey Road Ward,Greater London,NW8 9BD,01537-356648,01703-435212,billy.venus@yahoo.com,http://www.tiptonhurst.co.uk,Billy Venus,yahoo.com,15,False,3
Brynn,Elkan,A O Hardee & Son Inc,67 Pulford St,Prittlewell Ward,Essex,SS2 6NL,01388-416867,01345-625433,brynn@yahoo.com,http://www.aohardeesoninc.co.uk,Brynn Elkan,yahoo.com,16,False,6
Elroy,Piehler,"Jonson, Geo D Esq",821 Pembroke Place,Kirkby Stephen,Cumbria,CA17 4RZ,01589-654152,01586-387018,epiehler@piehler.co.uk,http://www.jonsongeodesq.co.uk,Elroy Piehler,piehler.co.uk,14,False,4
Anisha,Shulick,Dale Yoder Clu Life Hlth & Bus,3 Alder St,Eaton Park Ward,Stoke-on-Trent,ST2 9AW,01780-704167,01268-233798,ashulick@yahoo.com,http://www.daleyoderclulifehlthbus.co.uk,Anisha Shulick,yahoo.com,15,False,7
Bettina,Kham,Council Of Cmnty Blood Ctrs,80 Morecambe St,Bishop Auckland,County Durham,DL14 6NG,01355-192668,01340-622388,bettina.kham@kham.co.uk,http://www.councilofcmntybloodctrs.co.uk,Bettina Kham,kham.co.uk,15,False,5
Velda,Mancilla,"Tremont, Michael A Esq",7866 Renshaw St #283,Falmouth,Cornwall,TR11 4QQ,01823-526645,01368-456268,velda_mancilla@mancilla.co.uk,http://www.tremontmichaelaesq.co.uk,Velda Mancilla,mancilla.co.uk,8,False,4
Marta,Brace,"Trautman, Eileen Esq",658 Lake St,Malmesbury,Wiltshire,SN16 0XZ,01777-469402,01631-454193,marta.brace@brace.co.uk,http://www.trautmaneileenesq.co.uk,Marta Brace,brace.co.uk,10,False,3
Juan,Vanwyhe,Office Service Co,5382 Redfern St,West End Ward,Greater London,W1J 0QH,01961-642757,01728-150282,juan_vanwyhe@gmail.com,http://www.officeserviceco.co.uk,Juan Vanwyhe,gmail.com,13,True,3
Lelia,Filion,Alphabetland Pre School Center,45 Bidder St #38,Town Ward,Greater London,EN1 3HT,01367-136951,01322-715065,lelia.filion@filion.co.uk,http://www.alphabetlandpreschoolcenter.co.uk,Lelia Filion,filion.co.uk,9,False,4
Una,Frankel,Shamrock Food Service,6766 Britton St #379,Crompton Ward,Greater Manchester,BL1 3EX,01912-749219,01308-356704,ufrankel@hotmail.com,http://www.shamrockfoodservice.co.uk,Una Frankel,hotmail.com,13,False,3
Eva,Joulwan,Central Hrdwr & Elec Corp,7 Lear Rd,Stroud,Hampshire,GU32 3PQ,01779-720349,01961-802899,eva.joulwan@gmail.com,http://www.centralhrdwreleccorp.co.uk,Eva Joulwan,gmail.com,6,True,5
Mammie,Dormanen,Matt Parrott & Sons Co,2577 Toxteth St #5,Overton Ward,Lancashire,BB6 7UN,01527-579687,01439-184366,mammie_dormanen@hotmail.com,http://www.mattparrottsonsco.co.uk,Mammie Dormanen,hotmail.com,12,False,5
Jeannetta,Coolidge,Tiny Tots Originals Div,761 Cockerell St #1,Midway Ward,Derbyshire,DE11 0HE,01927-790069,01440-276155,jeannetta_coolidge@gmail.com,http://www.tinytotsoriginalsdiv.co.uk,Jeannetta Coolidge,gmail.com,11,True,4
Elbert,Drawe,"Lovitch, Alan F",9 Cypress St,Washington East Ward,Tyne and Wear,NE38 9AQ,01753-784273,01496-526674,edrawe@drawe.co.uk,http://www.lovitchalanf.co.uk,Elbert Drawe,drawe.co.uk,20,False,3
Lenny,Gazzola,Wise Industries,6 Romilly St,Walkergate Ward,Tyne and Wear,NE6 4YH,01312-233253,01342-706893,lenny.gazzola@yahoo.com,http://www.wiseindustries.co.uk,Lenny Gazzola,yahoo.com,15,False,2
Mira,Alpheaus,East County Process,51 St Anne St #12,Stratfield Mortimer,Berkshire,RG7 3RA,01241-273991,01381-836777,mira.alpheaus@yahoo.com,http://www.eastcountyprocess.co.uk,Mira Alpheaus,yahoo.com,19,False,3
Cathern,Ungar,Agopgee Enterprises Inc,823 Idris St,Selston,Nottinghamshire,NG16 5LG,01898-134749,01266-671305,cathern.ungar@ungar.co.uk,http://www.agopgeeenterprisesinc.co.uk,Cathern Ungar,ungar.co.uk,7,False,3
Malcom,Fleckles,L Winik & Associates Inc,8764 Nickleby St #877,Govan Ward,Glasgow City,G51 1BQ,01478-110943,01937-120539,malcom.fleckles@gmail.com,http://www.lwinikassociatesinc.co.uk,Malcom Fleckles,gmail.com,10,True,5
Monroe,Damato,"Rosati, Marc D Esq",5344 Bengel St #5,Millwall Ward,Greater London,E14 5DR,01402-733903,01440-164945,mdamato@damato.co.uk,http://www.rosatimarcdesq.co.uk,Monroe Damato,damato.co.uk,13,False,4
Leota,Fletchen,Rust Evader Corp,8880 Great Howard St #7750,Sefton,Merseyside,L29 7WD,01358-446391,01414-780251,lfletchen@gmail.com,http://www.rustevadercorp.co.uk,Leota Fletchen,gmail.com,6,True,3
Berry,Gutoski,Budget Annex,9 Oakleigh,Lancing,West Sussex,BN15 9BN,01448-211489,01929-400879,berry@gmail.com,http://www.budgetannex.co.uk,Berry Gutoski,gmail.com,7,True,2
Meghan,Riherd,Kiqo Pure Gold Oldies 104 Fm,83 Denbigh St Bootle,St. Gluvias,Cornwall,TR3 7AZ,01462-474800,01650-129106,meghan@riherd.co.uk,http://www.kiqopuregoldoldiesfm.co.uk,Meghan Riherd,riherd.co.uk,11,False,6
Mike,Torner,Segall Majestic Inc,30 Aughton St,Hilton,Aberdeenshire,AB24 2RR,01240-600327,01408-918612,mike_torner@torner.co.uk,http://www.segallmajesticinc.co.uk,Mike Torner,torner.co.uk,6,False,3
Elsa,Delisle,Taos Valley Resort Assn,260 Saxon St,Brooklands Ward,Greater Manchester,M33 4BP,01537-525550,01204-471598,elsa_delisle@gmail.com,http://www.taosvalleyresortassn.co.uk,Elsa Delisle,gmail.com,15,True,4
Linwood,Rosenlof,Exhibit Crafts Inc,3 Pyramid St,Eccleston Ward,Merseyside,WA10 3BW,01546-942059,01244-769346,linwood.rosenlof@yahoo.com,http://www.exhibitcraftsinc.co.uk,Linwood Rosenlof,yahoo.com,14,False,3
Latosha,Alexy,"Laitinen, Stephen B Esq",37 Langham St #948,St. Georges Hill Ward,Surrey,KT13 0AZ,01704-508066,01662-268374,latosha@yahoo.com,http://www.laitinenstephenbesq.co.uk,Latosha Alexy,yahoo.com,21,False,4
Alexia,Meenan,Herr Foods Inc,94 Villars St,Launcells,Cornwall,EX23 9LG,01560-328739,01270-931388,alexia.meenan@meenan.co.uk,http://www.herrfoodsinc.co.uk,Alexia Meenan,meenan.co.uk,9,False,3
Graham,Stanwick,Tiburon Pen Chmbr Commrce Inc,73 Hawkstone St,Renfrew South & Gallowhill War,Dunbartonshire,G52 4YG,01860-191930,01409-786106,gstanwick@gmail.com,http://www.tiburonpenchmbrcommrceinc.co.uk,Graham Stanwick,gmail.com,30,True,5
Elinore,Fulda,Agri Business Insurance Agency,123 Sussex St,Astley Bridge Ward,Greater Manchester,BL1 6PY,01457-837447,01403-864306,elinore.fulda@fulda.co.uk,http://www.agribusinessinsuranceagency.co.uk,Elinore Fulda,fulda.co.uk,18,False,4
Lisbeth,Creecy,"Gerstenfeld, Gerald F Esq",484 Barry St,Shiney Row Ward,County Durham,DH4 7RG,01931-620849,01825-623398,lcreecy@gmail.com,http://www.gerstenfeldgeraldfesq.co.uk,Lisbeth Creecy,gmail.com,15,True,4
Eloisa,Faurote,"Mcdonald, Michael J Esq",7033 Micawber St,Bintree,Norfolk,NR20 5NQ,01337-695353,01747-999761,eloisa.faurote@hotmail.com,http://www.mcdonaldmichaeljesq.co.uk,Eloisa Faurote,hotmail.com,7,False,4
Shawana,Cantua,Best Western Riverview Inn,33 Vipond St,Woodhall Farm Ward,Hertfordshire,HP2 7JP,01413-348876,01659-621050,shawana@yahoo.com,http://www.bestwesternriverviewinn.co.uk,Shawana Cantua,yahoo.com,18,False,4
Alyssa,Ansbro,"Berg, Michael D Esq",85 Hero St,Stanhope,County Durham,DL13 2TZ,01632-887825,01585-967862,alyssa_ansbro@gmail.com,http://www.bergmichaeldesq.co.uk,Alyssa Ansbro,gmail.com,8,True,4
Kyoko,Mcmillian,Nature Conservancy,77 Reading St #8,North Tawton,Devon,EX20 2TR,01235-173362,01371-735347,kyoko_mcmillian@gmail.com,http://www.natureconservancy.co.uk,Kyoko Mcmillian,gmail.com,12,True,2
Terry,Gauthier,"Walker, Susan S Esq",274 Altcar Ave,Catterick,North Yorkshire,DL10 7NU,01555-550015,01793-749131,tgauthier@yahoo.com,http://www.walkersusansesq.co.uk,Terry Gauthier,yahoo.com,9,False,4
Sena,Langenbach,Alternative Collection Svc Inc,38 Avondale Rd #79,Kilmersdon,Somerset,BA3 5SJ,01756-678490,01836-695245,sena.langenbach@hotmail.com,http://www.alternativecollectionsvcinc.co.uk,Sena Langenbach,hotmail.com,10,False,4
Cristen,Nesset,"Johnson, Matthew E Esq",4679 Curzon St,Central Ward,Lancashire,BB5 0SJ,01354-864473,01994-347546,cnesset@nesset.co.uk,http://www.johnsonmattheweesq.co.uk,Cristen Nesset,nesset.co.uk,12,False,4
Lashawn,Ker,"Thornsjo, Dale O Esq",13 Nelson Rd,Filwood Ward,Bristol,BS4 1HT,01676-780022,01470-187069,lashawn.ker@gmail.com,http://www.thornsjodaleoesq.co.uk,Lashawn Ker,gmail.com,12,True,4
Wade,Sovel,Manhattan Supply Co Deer Pk,2546 Hunter St,Central Buchan Ward,Aberdeenshire,AB53 6YD,01712-978062,01317-960371,wade@hotmail.com,http://www.manhattansupplycodeerpk.co.uk,Wade Sovel,hotmail.com,19,False,5
Whitney,Tishler,Clifford Standifer & Mcdowell,77 Mason St #650,Smallbridge and Firgrove Ward,Greater Manchester,OL16 3AW,01224-605237,01948-891701,whitney@gmail.com,http://www.cliffordstandifermcdowell.co.uk,Whitney Tishler,gmail.com,29,True,4
Deja,Conatser,Universal Case Co,94 Wakefield St,Lavenham,Suffolk,CO10 9PU,01378-234592,01879-981256,deja.conatser@hotmail.com,http://www.universalcaseco.co.uk,Deja Conatser,hotmail.com,8,False,3
Earnestine,Casper,A O J Mfg Corp,529 Stalmine Rd #3680,Saffron Walden,Essex,CB11 4DJ,01807-346103,01260-744622,earnestine_casper@hotmail.com,http://www.aojmfgcorp.co.uk,Earnestine Casper,hotmail.com,14,False,5
Frankie,Marruffo,Paralegal Personnel,52 Morningside Rd #1,Cilybebyll Community,Neath Port Talbot,SA8 3HE,01295-678319,01966-999493,fmarruffo@gmail.com,http://www.paralegalpersonnel.co.uk,Frankie Marruffo,gmail.com,20,True,2
Paola,Dease,Sunderland Publishing Co,94 Enid St,Birchington,Kent,CT7 9BG,01333-642646,01419-231768,pdease@gmail.com,http://www.sunderlandpublishingco.co.uk,Paola Dease,gmail.com,11,True,3
Rodrigo,Hawkin,"Godfroy, William Esq",661 Great Crosshall St,Forth Ward,City of Edinburgh,EH5 2LR,01936-611490,01280-275755,rodrigo@hotmail.com,http://www.godfroywilliamesq.co.uk,Rodrigo Hawkin,hotmail.com,10,False,3
Luther,Alsman,Crossroads Travel Service Inc,227 Albert Terrace,Belvedere Ward,Greater London,DA17 6EF,01536-639256,01494-500403,luther@gmail.com,http://www.crossroadstravelserviceinc.co.uk,Luther Alsman,gmail.com,14,True,4
Casey,Dondero,Sarrail Lynch & Hall,464 Back Nile St #618,Acton Central Ward,Greater London,W3 6QJ,01728-100333,01862-338494,casey.dondero@hotmail.com,http://www.sarraillynchhall.co.uk,Casey Dondero,hotmail.com,18,False,4
Ressie,Bontemps,Typesetters,42 Eastwood St,Walton Ward,Cambridgeshire,PE4 6HB,01996-854517,01616-608138,ressie_bontemps@bontemps.co.uk,http://www.typesetters.co.uk,Ressie Bontemps,bontemps.co.uk,11,False,1
Sean,Schurman,Cooper Electric Supply Co,2877 Grain St,Caversham Ward,Berkshire,RG4 5DE,01773-139510,01423-385669,sean.schurman@schurman.co.uk,http://www.cooperelectricsupplyco.co.uk,Sean Schurman,schurman.co.uk,14,False,4
Celestina,Pince,Mcallister & Murphy Pc,13 Stockdale St #779,Abingdon on Thames,Oxfordshire,OX14 5QH,01763-475078,01434-734867,cpince@pince.co.uk,http://www.mcallistermurphypc.co.uk,Celestina Pince,pince.co.uk,18,False,4
Maira,Karas,"Blanton, Mary R Attorney",9 Cropper St,Northgate Ward,West Sussex,RH10 1YJ,01582-839217,01927-384903,maira.karas@yahoo.com,http://www.blantonmaryrattorney.co.uk,Maira Karas,yahoo.com,14,False,4
Beth,Barbone,Upper Deck Co,3 Gaskell St,Tynemouth Ward,Tyne and Wear,NE30 2NB,01210-926114,01521-151330,bbarbone@barbone.co.uk,http://www.upperdeckco.co.uk,Beth Barbone,barbone.co.uk,14,False,3
Wei,Nobel,Victory Coating,5221 Royston St,Eccleshall,Staffordshire,ST21 6GA,01912-146880,01608-570699,wei_nobel@hotmail.com,http://www.victorycoating.co.uk,Wei Nobel,hotmail.com,10,False,2
Melissia,Slotemaker,Twining Nemia & Steflik,83 St Johns Lane #43,Linlithgow Ward,West Lothian,EH49 7LS,01515-360513,01936-295031,mslotemaker@gmail.com,http://www.twiningnemiasteflik.co.uk,Melissia Slotemaker,gmail.com,15,True,4
Letha,Akey,Jeanettes Drapery & Upholstery,603 Pall Mall,Layton Ward,Lancashire,FY3 8ND,01694-424205,01605-583419,letha_akey@akey.co.uk,http://www.jeanettesdraperyupholstery.co.uk,Letha Akey,akey.co.uk,11,False,4
Isaac,Semrad,"Prugh, Pamela J Cpa",76 Dawber St #6,Blackheath Westcombe Ward,Greater London,SE3 7JY,01939-738818,01798-503274,isaac.semrad@semrad.co.uk,http://www.prughpamelajcpa.co.uk,Isaac Semrad,semrad.co.uk,25,False,4
Kristine,Klipfel,"Neeley, Gregory W Esq",3380 Alexander St,Moulsham and Central Ward,Essex,CM1 9QQ,01710-435506,01396-935784,kristine.klipfel@yahoo.com,http://www.neeleygregorywesq.co.uk,Kristine Klipfel,yahoo.com,25,False,4
Odette,Moussette,Village Business Center,216 Lissant St #8,Great Dunmow,Essex,CM6 1DQ,01712-248851,01626-260974,odette_moussette@gmail.com,http://www.villagebusinesscenter.co.uk,Odette Moussette,gmail.com,12,True,3
Hobert,Panfilov,"Carlin, Angela G Esq",92 Phythian St #614,Gweek,Cornwall,TR11 5RR,01245-353227,01518-554407,hobert@gmail.com,http://www.carlinangelagesq.co.uk,Hobert Panfilov,gmail.com,5,True,4
Isadora,Mchughes,Fan Shop,792 Queens Rd,Stretford Ward,Greater Manchester,M32 8LR,01526-145485,01338-403471,isadora.mchughes@mchughes.co.uk,http://www.fanshop.co.uk,Isadora Mchughes,mchughes.co.uk,14,False,2
Emily,Pogorelc,Mccartney Printing Services,5196 York St,Orsett Ward,Essex,SS17 8NS,01416-913482,01439-493163,emily.pogorelc@yahoo.com,http://www.mccartneyprintingservices.co.uk,Emily Pogorelc,yahoo.com,11,False,3
Desire,Barresi,Greater Cinc Schl Empl Crdt Un,428 Kearsley St,Hatton,Warwickshire,CV35 7UA,01819-701096,01970-482055,desire@gmail.com,http://www.greatercincschlemplcrdtun.co.uk,Desire Barresi,gmail.com,6,True,6
Rosalind,Stamps,"Haar, Allen F",8 Chestnut St,Barrowford,Lancashire,BB9 6EW,01918-999052,01736-843257,rosalind.stamps@stamps.co.uk,http://www.haarallenf.co.uk,Rosalind Stamps,stamps.co.uk,10,False,3
Vernell,Connley,Harmons,998 Roe St #6,Bellingham,Northumberland,NE48 2BX,01954-363885,01585-863534,vernell@hotmail.com,http://www.harmons.co.uk,Vernell Connley,hotmail.com,10,False,1
Micheline,Mathieson,Mail Boxes Etc,3 Copenhagen Rd,George St,Aberdeenshire,AB25 3UZ,01857-518738,01247-541211,micheline.mathieson@yahoo.com,http://www.mailboxesetc.co.uk,Micheline Mathieson,yahoo.com,9,False,3
Nathan,Outhouse,Grt Amercn Fed Svngs & Ln Assn,293 Vivian St,South Jesmond Ward,Tyne and Wear,NE2 1EY,01555-702650,01364-499130,nathan.outhouse@gmail.com,http://www.grtamercnfedsvngslnassn.co.uk,Nathan Outhouse,gmail.com,18,True,7
Allene,Burau,Allied Plastics,8 Barlow St #6,Barlow,Derbyshire,S18 7TH,01731-825958,01260-963065,allene.burau@hotmail.com,http://www.alliedplastics.co.uk,Allene Burau,hotmail.com,6,False,2
Julie,Sakshaug,Newton Clerk,5 Shakspeare St #66,St. Johns Ward,Hereford and Worcester,B61 8HD,01225-180983,01641-570473,julie@gmail.com,http://www.newtonclerk.co.uk,Julie Sakshaug,gmail.com,14,True,2
Francisca,Shuhi,"Thompson, Chesney Md",7 Carolina St,Bodmin,Cornwall,PL31 1QF,01345-878334,01639-663121,fshuhi@shuhi.co.uk,http://www.thompsonchesneymd.co.uk,Francisca Shuhi,shuhi.co.uk,6,False,3
Marisha,Wilcoxon,Young Door Company,52 Trowbridge St,Knightsbridge and Belgravia Wa,Greater London,SW1X 9HB,01257-461104,01422-891030,marisha.wilcoxon@gmail.com,http://www.youngdoorcompany.co.uk,Marisha Wilcoxon,gmail.com,30,True,3
Telma,Maraia,Reliable Yard Service,25 Village St,Elgin City South Ward,Moray,IV30 1SB,01500-649863,01531-881940,telma@maraia.co.uk,http://www.reliableyardservice.co.uk,Telma Maraia,maraia.co.uk,21,False,3
Luke,Crete,M D & W Railway,4 Peach St #5112,Halstead,Kent,TN14 7EF,01375-820236,01268-175772,luke.crete@crete.co.uk,http://www.mdwrailway.co.uk,Luke Crete,crete.co.uk,8,False,5
Hubert,Mias,Chuckmaster Co,3614 Old Hall St #604,Fawley,Hampshire,SO45 2PT,01408-965643,01857-225719,hubert.mias@gmail.com,http://www.chuckmasterco.co.uk,Hubert Mias,gmail.com,6,True,2
Janella,Altobell,"Shannon, Paul V Esq",3768 Hey Green Rd,Hartshill,Warwickshire,CV10 0TH,01746-505364,01411-597527,jaltobell@hotmail.com,http://www.shannonpaulvesq.co.uk,Janella Altobell,hotmail.com,9,False,4
Angelo,Lavista,Computemp,97 Newlands St,Kensington and Fairfield Ward,Merseyside,L6 9DU,01544-247601,01210-307796,angelo.lavista@gmail.com,http://www.computemp.co.uk,Angelo Lavista,gmail.com,29,True,1
Tran,Mandiola,N Rockland Educl Fed Crdt Un,6226 Maitland St,West Bromwich Central Ward,West Midlands,B70 6DR,01609-235350,01957-151083,tran.mandiola@hotmail.com,http://www.nrocklandeduclfedcrdtun.co.uk,Tran Mandiola,hotmail.com,26,False,6
Reynalda,Vanhooser,A All In One Construction,891 Crocus St,Rowley Ward,West Midlands,B65 8EZ,01951-872658,01350-811035,reynalda@vanhooser.co.uk,http://www.aallinoneconstruction.co.uk,Reynalda Vanhooser,vanhooser.co.uk,11,False,5
Salley,Rieger,Barnett Industries Inc,1 Segrave St,Sutton Trinity Ward,West Midlands,B75 6HJ,01858-162078,01992-655281,salley.rieger@gmail.com,http://www.barnettindustriesinc.co.uk,Salley Rieger,gmail.com,19,True,3
Cheryll,Yurich,Blaineco Structural Movers,666 Moor Place,Shepway South Ward,Kent,ME15 8ST,01780-380120,01494-202350,cheryll_yurich@yurich.co.uk,http://www.blainecostructuralmovers.co.uk,Cheryll Yurich,yurich.co.uk,18,False,3
Crista,Viengxay,Green Point Savings Bank,1554 Christopher St,Everton Ward,Merseyside,L6 1BG,01976-784016,01584-387727,crista@yahoo.com,http://www.greenpointsavingsbank.co.uk,Crista Viengxay,yahoo.com,12,False,4
Lino,Sutulovich,Sherpa Corp,55 Margaret Rd,Heaton Ward,"Yorkshire, West",BD9 4DA,01316-590173,01980-890046,lino.sutulovich@gmail.com,http://www.sherpacorp.co.uk,Lino Sutulovich,gmail.com,11,True,2
Galen,Wendorf,"Russell, Amelia Mosley Esq",8830 Antonio St,Gillingham North Ward,Kent,ME7 1DZ,01220-653456,01420-489285,galen.wendorf@wendorf.co.uk,http://www.russellameliamosleyesq.co.uk,Galen Wendorf,wendorf.co.uk,21,False,4
Gilbert,Langarica,Inter American Press Assn,82 Sinclair St,Bangor Community,Gwynedd,LL57 1DW,01455-565046,01432-324277,gilbert.langarica@gmail.com,http://www.interamericanpressassn.co.uk,Gilbert Langarica,gmail.com,16,True,4
Whitney,Goossen,Eagle Newspapers,7568 Atlas St,Butterwick,Lincolnshire,PE22 0HY,01255-383731,01392-955534,whitney.goossen@hotmail.com,http://www.eaglenewspapers.co.uk,Whitney Goossen,hotmail.com,10,False,2
Socorro,Abrahams,Martin Morrissey,93 Clyde Rd #9,Deepdale Ward,Lancashire,PR1 6TN,01311-567052,01387-779081,socorro_abrahams@abrahams.co.uk,http://www.martinmorrissey.co.uk,Socorro Abrahams,abrahams.co.uk,13,False,2
Mauricio,Flam,"Callender, William C Esq",18 Nimrod St,Walney North Ward,Cumbria,LA14 3SJ,01640-813748,01829-160968,mflam@gmail.com,http://www.callenderwilliamcesq.co.uk,Mauricio Flam,gmail.com,17,True,4
Phillip,Aloi,"Duffield, Michael C",6 Cannock St,Scarcroft,West Yorkshire,LS14 3BW,01490-898175,01867-710914,paloi@hotmail.com,http://www.duffieldmichaelc.co.uk,Phillip Aloi,hotmail.com,9,False,3
Gilberto,Erixon,Advanced Data Systems,2258 Benedict St,Penryn,Cornwall,TR10 8RP,01582-161403,01749-718702,gerixon@gmail.com,http://www.advanceddatasystems.co.uk,Gilberto Erixon,gmail.com,6,True,3
Thad,Puskarich,"Drubner, Norman S Esq",9302 Ismay St #6,Tenterden,Kent,TN30 6JP,01506-152661,01686-258819,thad_puskarich@puskarich.co.uk,http://www.drubnernormansesq.co.uk,Thad Puskarich,puskarich.co.uk,9,False,4
Bambi,Favaron,Desktop Center,3347 Lawrence Rd #456,Haverstock Ward,Greater London,NW5 4EU,01676-354943,01588-347636,bambi.favaron@yahoo.com,http://www.desktopcenter.co.uk,Bambi Favaron,yahoo.com,15,False,2
Marshall,Kozikowski,Viking Lodge,47 Elwy St,Kilpatrick Ward,West Dunbart,G81 6RT,01913-454226,01738-622885,marshall@hotmail.com,http://www.vikinglodge.co.uk,Marshall Kozikowski,hotmail.com,15,False,2
Chery,Wiederin,"Rosenkrance, Brent",553 Picton Rd,Astley Mosley Common Ward,Greater Manchester,M29 7AA,01274-659801,01411-236922,cwiederin@yahoo.com,http://www.rosenkrancebrent.co.uk,Chery Wiederin,yahoo.com,25,False,2
Eileen,Montecalvo,Holiday House Apts,9986 Cantsfield St,St. Peters Ward,Tyne and Wear,SR6 9SD,01904-227024,01278-578708,eileen@yahoo.com,http://www.holidayhouseapts.co.uk,Eileen Montecalvo,yahoo.com,15,False,3
Melita,Szpak,Or Draymen & Warehousemans,1 Sussex St,Cyfarthfa Community,Merthyr Tydfil,CF48 1AR,01431-484822,01294-348695,melita.szpak@szpak.co.uk,http://www.ordraymenwarehousemans.co.uk,Melita Szpak,szpak.co.uk,19,False,4
Ashley,Jessie,"Haney, Tom C Md",9548 Ogwen St #84,Baguley Ward,Greater Manchester,M23 9GB,01740-739731,01598-368995,ashley_jessie@jessie.co.uk,http://www.haneytomcmd.co.uk,Ashley Jessie,jessie.co.uk,12,False,4
Laila,Fend,Burlington Co Library,57 St Georges Hill,Crawcrook and Greenside Ward,Tyne and Wear,NE40 4LJ,01550-206220,01624-621665,lfend@gmail.com,http://www.burlingtoncolibrary.co.uk,Laila Fend,gmail.com,28,True,3
Bobbie,Guillereault,Geneva Woods Professional Ctr,385 Upper Hampton St #39,Southey Ward,South Yorkshire,S5 8LL,01496-781616,01606-682963,bguillereault@gmail.com,http://www.genevawoodsprofessionalctr.co.uk,Bobbie Guillereault,gmail.com,12,True,4
Dana,Paluszynski,Chile Pepper Magazine,6378 Lyell St #48,Trossachs and Teith Ward,Stirling,FK21 8TJ,01847-224345,01907-198323,dpaluszynski@paluszynski.co.uk,http://www.chilepeppermagazine.co.uk,Dana Paluszynski,paluszynski.co.uk,24,False,3
Freida,Newyear,"Flash, Elena Salerno Esq",675 Falstaff St #170,Chapel-en-le-Frith,Derbyshire,SK23 0QG,01773-691786,01890-803440,freida_newyear@yahoo.com,http://www.flashelenasalernoesq.co.uk,Freida Newyear,yahoo.com,18,False,4
Val,Cellucci,Owensboro Brick & Tile,87 Pelops St,Kings Norton Ward,West Midlands,B38 8PL,01387-155607,01488-893833,vcellucci@yahoo.com,http://www.owensborobricktile.co.uk,Val Cellucci,yahoo.com,17,False,4
Horace,Knapp,Mouw & Celello Pc,5 Eyes St,Mid and Upper Nithsdale Ward,Dumfries and Galloway,DG4 6LF,01924-556297,01459-140651,horace.knapp@yahoo.com,http://www.mouwcelellopc.co.uk,Horace Knapp,yahoo.com,28,False,4
Joana,Reinecke,Visiting Nur Assn Ctrl Jersey,2427 Olney St #7,Amersham,Buckinghamshire,HP6 6JH,01320-402522,01866-827990,jreinecke@reinecke.co.uk,http://www.visitingnurassnctrljersey.co.uk,Joana Reinecke,reinecke.co.uk,8,False,5
Tiara,Schlichter,C C Industries,805 Westbank Rd,North Heywood Ward,Greater Manchester,OL10 2DU,01270-562265,01769-234788,tiara_schlichter@schlichter.co.uk,http://www.ccindustries.co.uk,Tiara Schlichter,schlichter.co.uk,18,False,3
Dacia,Swaisgood,Nelson & Paulson Chartered,36 Cranmer St #4697,Little Hereford,Shropshire,SY8 4LE,01984-926059,01275-123842,dacia.swaisgood@swaisgood.co.uk,http://www.nelsonpaulsonchartered.co.uk,Dacia Swaisgood,swaisgood.co.uk,15,False,4
Myong,Babineaux,Capital Thrpy & Spts Medcn Inc,2 Kirkdale Rd,Canning Town North Ward,Greater London,E16 4NF,01897-419567,01801-288675,mbabineaux@babineaux.co.uk,http://www.capitalthrpysptsmedcninc.co.uk,Myong Babineaux,babineaux.co.uk,23,False,6
Gene,Bleile,Sun Toledo Refinery Co,4687 Atherton St,Springfield Ward,West Midlands,B11 4HB,01257-354396,01546-626491,gene_bleile@bleile.co.uk,http://www.suntoledorefineryco.co.uk,Gene Bleile,bleile.co.uk,16,False,4
Kanisha,Difiora,"Mata, Mario A Esq",513 Bailey St,Bontnewydd Community,Gwynedd,LL54 7UP,01770-697837,01426-535429,kanisha@gmail.com,http://www.matamarioaesq.co.uk,Kanisha Difiora,gmail.com,20,True,4
Ayesha,Moeder,Meredith Paving Corp,620 Old Leeds St,Sheviock,Cornwall,PL11 3DF,01284-871485,01800-737237,ayesha@gmail.com,http://www.meredithpavingcorp.co.uk,Ayesha Moeder,gmail.com,8,True,3
Lanie,Smalarz,Philosophical Rsrch Scty Bkstr,5149 Maria Rd,Peterlee,County Durham,SR8 5RL,01218-415062,01279-431606,lanie.smalarz@yahoo.com,http://www.philosophicalrsrchsctybkstr.co.uk,Lanie Smalarz,yahoo.com,8,False,4
Jaleesa,Polintan,New Jersey Tanning Co Inc,8 Taylor St,Shrub End Ward,Essex,CO2 9LW,01507-519053,01973-332478,jpolintan@polintan.co.uk,http://www.newjerseytanningcoinc.co.uk,Jaleesa Polintan,polintan.co.uk,14,False,5
Tamekia,Flotow,All County Inc,588 Venmore St,Twickenham Riverside Ward,Greater London,TW1 2QH,01794-317624,01958-330790,tamekia.flotow@hotmail.com,http://www.allcountyinc.co.uk,Tamekia Flotow,hotmail.com,25,False,3
Ula,Otey,Mail Boxes Etc,1 Newby St,Coleshill,Warwickshire,B46 3LZ,01291-565542,01581-469043,ula@hotmail.com,http://www.mailboxesetc.co.uk,Ula Otey,hotmail.com,9,False,3
Rosendo,Ratel,Elmark Graphics Inc,5588 Lake St #903,Crystal Palace Ward,Greater London,SE19 2TJ,01404-343160,01276-749323,rratel@yahoo.com,http://www.elmarkgraphicsinc.co.uk,Rosendo Ratel,yahoo.com,19,False,3
Timmy,Lintner,Interdependence Associates Inc,9112 Hardwick St,Bowes,County Durham,DL12 9JB,01651-232745,01711-826233,tlintner@hotmail.com,http://www.interdependenceassociatesinc.co.uk,Timmy Lintner,hotmail.com,5,False,3
Zita,Speltz,Mmm Design Group,2395 Gloucester Pl,Halliwell Ward,Greater Manchester,BL1 6DS,01368-497445,01215-755682,zita_speltz@yahoo.com,http://www.mmmdesigngroup.co.uk,Zita Speltz,yahoo.com,14,False,3
Aleisha,Lemm,Pathe Cmptr Cntrl Systems Corp,341 Birchfield St,Wareham St. Martin,Dorset,BH16 6JJ,01341-997268,01864-899304,aleisha.lemm@gmail.com,http://www.pathecmptrcntrlsystemscorp.co.uk,Aleisha Lemm,gmail.com,18,True,5
Naomi,Lavezzo,Torrefazione Italia Inc,9854 Ranelagh Place,Finedon,Northamptonshire,NN9 5EN,01469-888112,01367-310764,naomi.lavezzo@yahoo.com,http://www.torrefazioneitaliainc.co.uk,Naomi Lavezzo,yahoo.com,7,False,3
Aretha,Bowling,"Sawyer, Robert M Esq",8 Nova Scotia,Caerphilly Community,Caerphilly,CF83 3AF,01816-462521,01486-709301,aretha@hotmail.com,http://www.sawyerrobertmesq.co.uk,Aretha Bowling,hotmail.com,20,False,4
Mila,Figuera,U S Sapporo A Inc,72 Lime Place,Old Newton with Dagworth,Suffolk,IP14 4HG,01300-650262,01573-159208,mila_figuera@yahoo.com,http://www.ussapporoainc.co.uk,Mila Figuera,yahoo.com,24,False,5
Orville,Zuehl,"Teti, Louis N Esq",907 Denman St,Crowle and Ealand,North Lincolnshire,DN17 4EN,01998-694754,01752-405851,orville_zuehl@zuehl.co.uk,http://www.tetilouisnesq.co.uk,Orville Zuehl,zuehl.co.uk,17,False,4
Gabriele,Geschke,Levy Security Consultants Ltd,5 Garfield St #9,Milton Regis Ward,Kent,ME10 2EJ,01404-425588,01902-692529,gabriele@geschke.co.uk,http://www.levysecurityconsultantsltd.co.uk,Gabriele Geschke,geschke.co.uk,17,False,4
Kara,Jaquish,El Adobe Inn,345 Feltwell Rd,St. Michaels and Wicksteed War,Northamptonshire,NN15 6BB,01691-316298,01503-303797,kara@yahoo.com,http://www.eladobeinn.co.uk,Kara Jaquish,yahoo.com,30,False,3
Kenny,Lin,Mcmahan Mcmahan & Brinkley,1 Towson St,Howe of Fife and Tay Coast War,Fife,KY14 6AH,01753-900033,01473-417906,kenny@lin.co.uk,http://www.mcmahanmcmahanbrinkley.co.uk,Kenny Lin,lin.co.uk,30,False,4
Vashti,Sugai,Accurate Engraving Co,4 Candia St #6,Shipston on Stour,Warwickshire,CV36 4HE,01311-723137,01528-551210,vashti@gmail.com,http://www.accurateengravingco.co.uk,Vashti Sugai,gmail.com,17,True,3
Jordan,Handsaker,Shirleys Print Shoppe,2 Cherry Lane,Strood South Ward,Kent,ME2 2NJ,01793-443665,01964-984369,jordan_handsaker@gmail.com,http://www.shirleysprintshoppe.co.uk,Jordan Handsaker,gmail.com,17,True,3
Carisa,Degenhardt,Schwend Signs,7 Britannia Ave #875,Newton-with-Clifton,Lancashire,PR4 3RQ,01911-775929,01913-319581,carisa.degenhardt@degenhardt.co.uk,http://www.schwendsigns.co.uk,Carisa Degenhardt,degenhardt.co.uk,19,False,2
Audrie,Danaher,K C Products Co,63 Brunswick Sq,Llanelli Rural Community,Carmarthenshire,SA15 5YN,01344-670413,01956-885635,adanaher@yahoo.com,http://www.kcproductsco.co.uk,Audrie Danaher,yahoo.com,24,False,4
Shaunna,Rodamis,Engelbrecht Ackerman & Hassman,5 Gainsborough Rd,Newington Ward,Greater London,SE1 6EH,01658-509610,01529-959860,shaunna.rodamis@yahoo.com,http://www.engelbrechtackermanhassman.co.uk,Shaunna Rodamis,yahoo.com,14,False,4
Coleen,Langer,Valley Prodn Ctr For Vid & Aud,745 Goodall St #9309,Much Wenlock,Shropshire,TF13 6HB,01956-525612,01746-728526,coleen.langer@hotmail.com,http://www.valleyprodnctrforvidaud.co.uk,Coleen Langer,hotmail.com,12,False,7
Katie,Choinski,Coastal Technologies,1267 Alderson Rd,Churchdown,Gloucestershire,GL3 2BA,01606-772920,01762-227896,katie@choinski.co.uk,http://www.coastaltechnologies.co.uk,Katie Choinski,choinski.co.uk,10,False,2
Dannie,Brau,Goodfellow Agency,2 Gay St #3702,Werrington South Ward,Cambridgeshire,PE7 2QA,01675-779811,01380-595884,dbrau@brau.co.uk,http://www.goodfellowagency.co.uk,Dannie Brau,brau.co.uk,21,False,2
Ashanti,Donn,Denticator,3409 Benns Gardens,Hollington Ward,East Sussex,TN38 9NE,01352-599278,01721-697548,adonn@yahoo.com,http://www.denticator.co.uk,Ashanti Donn,yahoo.com,15,False,1
Madalyn,Dubberly,L & M Industrial Chemicals Inc,1 Lower Burlington St,Northfleet South Ward,Kent,DA11 8RN,01974-720949,01910-745476,madalyn.dubberly@gmail.com,http://www.lmindustrialchemicalsinc.co.uk,Madalyn Dubberly,gmail.com,21,True,6
Santos,Signore,"Gallagher, John J Esq",4706 Chapel Place #5993,Steyning,West Sussex,BN44 3DF,01614-431131,01670-346228,santos@gmail.com,http://www.gallagherjohnjesq.co.uk,Santos Signore,gmail.com,8,True,4
Alyce,Flamino,"Sadowski, Jeffrey A",4 Mather St,Holbrook Ward,West Midlands,CV6 4BN,01361-927368,01678-781372,alyce@yahoo.com,http://www.sadowskijeffreya.co.uk,Alyce Flamino,yahoo.com,13,False,3
Pearly,Ero,Rug Gallery,9960 Gilroy Rd,Woodhouse Ward,Greater London,N12 9JT,01329-374051,01408-866700,pero@hotmail.com,http://www.ruggallery.co.uk,Pearly Ero,hotmail.com,14,False,2
Cherrie,Nitschke,"Watson, Richard I Md",3 Burnall St,Keighley,West Yorkshire,BD20 6DA,01373-498883,01955-289452,cherrie_nitschke@yahoo.com,http://www.watsonrichardimd.co.uk,Cherrie Nitschke,yahoo.com,8,False,4
Maia,Shadd,Pigeon Falls State Bank,8 Bigham Rd,Deal,Kent,CT14 9QJ,01950-708083,01295-412046,maia_shadd@gmail.com,http://www.pigeonfallsstatebank.co.uk,Maia Shadd,gmail.com,4,True,4
Edwin,Logghe,Joseph Victor & Son Inc,950 Gordon St,Heanor and Loscoe,Derbyshire,DE75 7FZ,01366-667615,01627-549610,edwin_logghe@hotmail.com,http://www.josephvictorsoninc.co.uk,Edwin Logghe,hotmail.com,17,False,5
Leigha,Semenza,Unique Epoxy,784 Juno St #7653,North Horsham,West Sussex,RH12 4GW,01406-216625,01286-731684,lsemenza@yahoo.com,http://www.uniqueepoxy.co.uk,Leigha Semenza,yahoo.com,13,False,2
Walker,Seeger,Jim Dunnam Builder Inc,69 Chantrey St #90,Hickling,Norfolk,NR12 0YB,01245-616596,01531-463162,walker.seeger@yahoo.com,http://www.jimdunnambuilderinc.co.uk,Walker Seeger,yahoo.com,8,False,4
Nakita,Rodrigues,Richard Mulholland Prop Inc,4 Northbrook St #600,Edmonton Green Ward,Greater London,N18 2NF,01679-150583,01607-496390,nakita_rodrigues@gmail.com,http://www.richardmulhollandpropinc.co.uk,Nakita Rodrigues,gmail.com,19,True,4
Kattie,Ozane,"Page, Patricia A Esq",526 Liffey St #759,Westbury,Wiltshire,BA13 3QU,01322-491007,01807-524286,kozane@gmail.com,http://www.pagepatriciaaesq.co.uk,Kattie Ozane,gmail.com,8,True,4
Lamar,Suite,T J Boyle & Associates,6301 Dorset Rd,Harefield Ward,Greater London,UB9 6LF,01716-613102,01885-144424,lsuite@yahoo.com,http://www.tjboyleassociates.co.uk,Lamar Suite,yahoo.com,14,False,5
Juliana,Uken,Charles S Cavadini Cic,4 Summer Seat Bootle,Moulsecoomb and Bevendean Ward,Brighton and Hove,BN2 4TL,01962-844141,01981-109913,juliana.uken@yahoo.com,http://www.charlesscavadinicic.co.uk,Juliana Uken,yahoo.com,30,False,4
Chan,Loftin,Hydrick Law Offices,84 Walton Village,Horfield Ward,Bristol,BS7 0AX,01507-583669,01698-163177,chan@gmail.com,http://www.hydricklawoffices.co.uk,Chan Loftin,gmail.com,13,True,3
Delpha,Detamore,Bilar Tool & Die Inc,8 Tagus St #9814,Cleator Moor,Cumbria,CA25 5EF,01322-480025,01517-750609,delpha.detamore@yahoo.com,http://www.bilartooldieinc.co.uk,Delpha Detamore,yahoo.com,12,False,5
Floyd,Tivis,Sheplers Western Wear,770 Jamaica St,Penmaenmawr Community,Conwy,LL34 6BH,01882-970809,01838-712829,floyd_tivis@hotmail.com,http://www.sheplerswesternwear.co.uk,Floyd Tivis,hotmail.com,21,False,3
Chantell,Besong,"Kelly, Mark C",11 Tetlow St,Parsons Green and Walham Ward,Greater London,SW6 4QP,01607-329400,01218-142767,chantell_besong@gmail.com,http://www.kellymarkc.co.uk,Chantell Besong,gmail.com,29,True,3
Martin,Fonua,Aviation Insurance Inc,7642 Ledward St,Cressington Ward,Merseyside,L19 0LN,01919-185409,01921-686016,mfonua@yahoo.com,http://www.aviationinsuranceinc.co.uk,Martin Fonua,yahoo.com,16,False,3
Hyun,Erdman,"Hall, Ronald A",1432 Rutland Ave,Uckfield,East Sussex,TN22 9EF,01594-744010,01356-404829,hyun@gmail.com,http://www.hallronalda.co.uk,Hyun Erdman,gmail.com,8,True,3
Nada,Arey,Advanced Engineering Assocs,22 Harewood St #95,Acton Trussell and Bednall,Staffordshire,ST17 0RU,01576-627827,01822-753601,nada@hotmail.com,http://www.advancedengineeringassocs.co.uk,Nada Arey,hotmail.com,26,False,3
Elizabeth,Pata,"Hirsch, Henry L Esq",645 Lister Drive,Denwick,Northumberland,NE66 2LQ,01634-662999,01571-674820,elizabeth@gmail.com,http://www.hirschhenrylesq.co.uk,Elizabeth Pata,gmail.com,7,True,4
Dominic,Washmuth,"Bremer, Duncan S Esq",8977 Old Leeds St #87,Beaminster,Dorset,DT8 3DR,01725-615270,01722-996936,dwashmuth@hotmail.com,http://www.bremerduncansesq.co.uk,Dominic Washmuth,hotmail.com,10,False,4
Alise,Packebush,Wnc Forklift Inc,22 Delamore St,Hereford,Hereford and Worcester,HR1 2EA,01266-695304,01517-702273,alise.packebush@gmail.com,http://www.wncforkliftinc.co.uk,Alise Packebush,gmail.com,8,True,3
Flo,Bardsley,"Hancock, John J Esq",35 Walton Lane,Loughborough Ashby Ward,Leicestershire,LE11 4PF,01983-847833,01418-645161,flo.bardsley@hotmail.com,http://www.hancockjohnjesq.co.uk,Flo Bardsley,hotmail.com,23,False,4
Bonita,Sandblom,Transbay Steel Corp,22 Kilshaw St,Wimbledon Park Ward,Greater London,SW19 7DT,01989-617161,01723-502274,bsandblom@gmail.com,http://www.transbaysteelcorp.co.uk,Bonita Sandblom,gmail.com,19,True,3
Royal,Rush,"Severt, Todd D Esq",1 Argyle St,Hyde Werneth Ward,Greater Manchester,SK14 5AR,01934-427282,01809-860488,royal.rush@yahoo.com,http://www.severttodddesq.co.uk,Royal Rush,yahoo.com,17,False,4
Erasmo,Talentino,Active Air Systems,3 Garden Lane,Darton West Ward,South Yorkshire,S75 5JY,01492-454455,01304-185373,erasmo.talentino@hotmail.com,http://www.activeairsystems.co.uk,Erasmo Talentino,hotmail.com,16,False,3
Mari,Smeby,A B E Doors & Windows,4309 Chisenhale St,Rock,Hereford and Worcester,DY14 9XQ,01423-202676,01733-169475,msmeby@gmail.com,http://www.abedoorswindows.co.uk,Mari Smeby,gmail.com,4,True,6
Eleonora,Ventry,"Jackson, Donald M Esq",758 Woodhouse St,Soho Ward,West Midlands,B21 0UE,01966-685595,01762-396161,eleonora@gmail.com,http://www.jacksondonaldmesq.co.uk,Eleonora Ventry,gmail.com,9,True,4
Therese,Shiraki,Wuhf Fox 31,18 Ouse St,Oakridge and Castlefield Ward,Buckinghamshire,HP11 2PJ,01611-691262,01703-441371,tshiraki@gmail.com,http://www.wuhffox.co.uk,Therese Shiraki,gmail.com,29,True,3
Rodolfo,Scavuzzo,Gulf Atlantic Equipment Co Inc,5 Ruskin St,Irvine East Ward,North Ayrshire,KA11 2BP,01576-536794,01501-755479,rodolfo_scavuzzo@yahoo.com,http://www.gulfatlanticequipmentcoinc.co.uk,Rodolfo Scavuzzo,yahoo.com,16,False,5
Cruz,Fanelli,"Graham, John A Esq",4565 Blackstock St,Springfields and Trent Vale Wa,Stoke-on-Trent,ST4 5BW,01710-616480,01314-202428,cruz@hotmail.com,http://www.grahamjohnaesq.co.uk,Cruz Fanelli,hotmail.com,30,False,4
Arlyne,Dellinger,"Holzgrafe, Roger E Esq",8361 Cottenham St,Fawley,Hampshire,SO45 1QQ,01907-958462,01821-459979,arlyne.dellinger@yahoo.com,http://www.holzgraferogereesq.co.uk,Arlyne Dellinger,yahoo.com,6,False,4
Edward,Strejan,Kaysers Nutrition Center,1267 Audley St,Ise Lodge Ward,Northamptonshire,NN15 5DB,01242-422459,01659-505806,edward_strejan@gmail.com,http://www.kaysersnutritioncenter.co.uk,Edward Strejan,gmail.com,14,True,3
Christoper,Sheneman,"Jones, Brigham P Esq",845 Atherton St,Tatsfield,Kent,TN16 2AR,01455-958797,01732-922087,christoper@gmail.com,http://www.jonesbrighampesq.co.uk,Christoper Sheneman,gmail.com,9,True,4
Melda,Colamarino,Proctor & Associates Co,150 Margaret Rd,Kings Hill,Kent,ME19 4DT,01879-572287,01708-292140,melda.colamarino@colamarino.co.uk,http://www.proctorassociatesco.co.uk,Melda Colamarino,colamarino.co.uk,10,False,4
Margot,Peay,"Bork, Terry D Esq",9923 Dinorben St #4838,Childs Hill Ward,Greater London,NW11 8DY,01925-895879,01913-339706,margot.peay@yahoo.com,http://www.borkterrydesq.co.uk,Margot Peay,yahoo.com,16,False,4
Gerald,Drozdenko,Diamond Cbnts Div Wht Cons Ind,186 Craven St #68,Little Ness,Shropshire,SY4 2JX,01593-647422,01210-465236,gdrozdenko@yahoo.com,http://www.diamondcbntsdivwhtconsind.co.uk,Gerald Drozdenko,yahoo.com,11,False,6
Tomoko,Renno,Trico Prods Corp,5160 High St #38,Goldsmid Ward,Brighton and Hove,BN3 6EA,01731-573285,01873-329707,tomoko@renno.co.uk,http://www.tricoprodscorp.co.uk,Tomoko Renno,renno.co.uk,13,False,3
Mendy,Wassmann,"Ruello, Joseph F",3833 Sidney Rd,Cherryfield Ward,Merseyside,L32 3XS,01378-845450,01509-540345,mendy.wassmann@wassmann.co.uk,http://www.ruellojosephf.co.uk,Mendy Wassmann,wassmann.co.uk,16,False,3
Daryl,Hilcher,Petaluma Area Chamber Commrce,6267 Greenland St,Wakefield East Ward,West Yorkshire,WF1 4LW,01391-238570,01517-862819,dhilcher@hotmail.com,http://www.petalumaareachambercommrce.co.uk,Daryl Hilcher,hotmail.com,19,False,4
Ty,Feeback,Barnett Travel,14 Landseer Rd,Nith Ward,Dumfries and Galloway,DG1 9SY,01964-503521,01661-450622,tfeeback@gmail.com,http://www.barnetttravel.co.uk,Ty Feeback,gmail.com,9,True,2
King,Vanacore,Sdse Public Tv,30 Seville St,Meads Ward,East Sussex,BN20 7QU,01908-714833,01651-442812,king_vanacore@yahoo.com,http://www.sdsepublictv.co.uk,King Vanacore,yahoo.com,10,False,3
Isidra,Varnado,Howland Machine Corp,79 Chelmsford St,Holywell Community,Flintshire,CH8 7UP,01600-982590,01591-464964,ivarnado@varnado.co.uk,http://www.howlandmachinecorp.co.uk,Isidra Varnado,varnado.co.uk,18,False,3
Tonja,Driesenga,First Ozaukee Savings Bank,8 South John St,Lamport,Northamptonshire,NN6 9XW,01683-204727,01384-883931,tdriesenga@driesenga.co.uk,http://www.firstozaukeesavingsbank.co.uk,Tonja Driesenga,driesenga.co.uk,7,False,4
Shaquana,Featherston,General Truck Part & Equipment,50 Townsend St,Chadderton Central Ward,Greater Manchester,OL9 0NS,01641-726098,01327-255886,shaquana@hotmail.com,http://www.generaltruckpartequipment.co.uk,Shaquana Featherston,hotmail.com,23,False,5
Gilberto,Feagins,"Finlay, Joseph B Jr",7643 Campbell St,Penge and Cator Ward,Greater London,BR3 1LT,01304-758732,01315-831243,gfeagins@gmail.com,http://www.finlayjosephbjr.co.uk,Gilberto Feagins,gmail.com,20,True,4
Rex,Faehnle,"Hering, Glenn Z Esq",371 Oakleigh,Warminster,Wiltshire,BA12 8NR,01955-496773,01529-779988,rfaehnle@faehnle.co.uk,http://www.heringglennzesq.co.uk,Rex Faehnle,faehnle.co.uk,10,False,4
Adolph,Cunningham,"Moorhead, Bridget Klein Esq",9874 Oakfield Rd,Redhill Ward,Tyne and Wear,SR5 5PT,01731-429712,01252-511174,adolph_cunningham@hotmail.com,http://www.moorheadbridgetkleinesq.co.uk,Adolph Cunningham,hotmail.com,12,False,4
Queen,Leader,Ottumwa Glass Co,6 Princes St,East Kilbride West Ward,South Lanarkshire,G75 8YR,01567-846944,01445-288807,queen_leader@gmail.com,http://www.ottumwaglassco.co.uk,Queen Leader,gmail.com,23,True,3
Rebbecca,Rufenacht,Ithaca Guitar Works Inc,4190 Seacombe St,Tiffield,Northamptonshire,NN12 8AA,01583-168158,01926-842843,rrufenacht@yahoo.com,http://www.ithacaguitarworksinc.co.uk,Rebbecca Rufenacht,yahoo.com,8,False,4
Ardella,Goldrup,Bedford Books St Martins Prs,3145 Rhyl St,Londesborough,E Riding of Yorkshire,YO43 3QE,01813-786468,01451-433176,ardella.goldrup@goldrup.co.uk,http://www.bedfordbooksstmartinsprs.co.uk,Ardella Goldrup,goldrup.co.uk,13,False,5
Dallas,Miyashiro,Em Building Products Inc,4919 Lime Grove,Whitchurch Urban,Cheshire,SY13 4HB,01356-551432,01752-585779,dallas_miyashiro@miyashiro.co.uk,http://www.embuildingproductsinc.co.uk,Dallas Miyashiro,miyashiro.co.uk,16,False,4
Vivan,Jenious,Mnpls Arprt Marriott,8 Carolina St,Northgate Ward,West Sussex,RH10 8EZ,01907-573672,01404-240746,vjenious@yahoo.com,http://www.mnplsarprtmarriott.co.uk,Vivan Jenious,yahoo.com,14,False,3
Han,Dzledzic,Captain Copy,1592 Price St,Ponteland,Northumberland,NE20 9TF,01532-163009,01303-831633,han_dzledzic@hotmail.com,http://www.captaincopy.co.uk,Han Dzledzic,hotmail.com,9,False,2
Emilio,Guitierrez,Register Printing Co,2 Weller St,Appleton Wiske,North Yorkshire,DL6 2AS,01845-679016,01363-466980,emilio_guitierrez@guitierrez.co.uk,http://www.registerprintingco.co.uk,Emilio Guitierrez,guitierrez.co.uk,14,False,3
Latia,Cos,Capitol Cadillac Company,18 Thomas St,Barnham,West Sussex,PO22 0JT,01695-303367,01871-192422,lcos@yahoo.com,http://www.capitolcadillaccompany.co.uk,Latia Cos,yahoo.com,7,False,3
Lilli,Cureau,A 1 Plumbers Supply,42 Hey Green Rd,Deepdale Ward,Lancashire,PR1 6TL,01752-399931,01363-139614,lilli@yahoo.com,http://www.aplumberssupply.co.uk,Lilli Cureau,yahoo.com,13,False,4
Maryanne,Siske,"Levering, Charles B Esq",256 Vesuvius St #159,Stutton with Hazlewood,North Yorkshire,LS24 9UA,01455-447890,01597-966938,maryanne@hotmail.com,http://www.leveringcharlesbesq.co.uk,Maryanne Siske,hotmail.com,22,False,4
Eliz,Strimple,Karl May General Contractor,82 Denison St #2642,Holyrood Ward,Greater Manchester,M25 1JB,01699-467608,01844-754890,eliz@gmail.com,http://www.karlmaygeneralcontractor.co.uk,Eliz Strimple,gmail.com,13,True,4
Laura,Gumaer,C Leasing Company,1779 Bird St,East Sheen Ward,Greater London,SW14 8JZ,01821-208235,01798-839362,laura_gumaer@gmail.com,http://www.cleasingcompany.co.uk,Laura Gumaer,gmail.com,15,True,3
Leanora,Respicio,Fire Protection Consultants,99 College St South #1,Byker Ward,Tyne and Wear,NE6 2RX,01564-503370,01694-477023,lrespicio@respicio.co.uk,http://www.fireprotectionconsultants.co.uk,Leanora Respicio,respicio.co.uk,10,False,3
Sherell,Pomarico,Kxlt Radio (k 108 Fm),29 Greenleaf St,Llangristiolus Community,Isle of Anglesey,LL62 5HD,01523-372834,01323-831572,spomarico@hotmail.com,http://www.kxltradiokfm.co.uk,Sherell Pomarico,hotmail.com,24,False,5
Charlie,Isita,"Sotorrio, Rene A Esq",39 Hooton Place,"Neilston, Uplawmoor and Newton",East Renfrewshire,G78 3AB,01295-844061,01796-315694,charlie@isita.co.uk,http://www.sotorrioreneaesq.co.uk,Charlie Isita,isita.co.uk,30,False,4
Veronique,Nuckolls,Cinemax Cable Pay Tv Svce,198 Ranelagh Place,Central Buchan Ward,Aberdeenshire,AB43 6RD,01632-762032,01699-696279,vnuckolls@gmail.com,http://www.cinemaxcablepaytvsvce.co.uk,Veronique Nuckolls,gmail.com,19,True,5
Antonio,Villamarin,Combs Sheetmetal,353 Standish St #8264,Little Parndon and Hare Street,Hertfordshire,CM20 2HT,01559-403415,01388-777812,antonio.villamarin@gmail.com,http://www.combssheetmetal.co.uk,Antonio Villamarin,gmail.com,30,True,2
Louvenia,Kincannon,"Fineshriber, Marilyn Esq",87 Eldon Place,Read,Lancashire,BB12 7RY,01315-409372,01600-973642,lkincannon@kincannon.co.uk,http://www.fineshribermarilynesq.co.uk,Louvenia Kincannon,kincannon.co.uk,4,False,3
Roxanne,Hedegore,"Wallace, Bruce R Esq",592 Catharine St,Blantyre Ward,South Lanarkshire,G72 0RZ,01317-299836,01512-894063,roxanne_hedegore@gmail.com,http://www.wallacebruceresq.co.uk,Roxanne Hedegore,gmail.com,13,True,4
Eve,Hoffstot,Domestic Intrntl Techlgy Ltd,1661 Arrow St,Kirk Hammerton,York,YO26 8DA,01746-129962,01314-564188,eve.hoffstot@yahoo.com,http://www.domesticintrntltechlgyltd.co.uk,Eve Hoffstot,yahoo.com,14,False,4
Kenda,Koza,General Bindery Co Inc,7 Netley St,Custom House Ward,Greater London,E16 3DP,01840-188852,01476-264977,kkoza@koza.co.uk,http://www.generalbinderycoinc.co.uk,Kenda Koza,koza.co.uk,17,False,4
Elden,Mercik,"Lee, Stan Dvm",7 St Edmonds Rd,Nonington,Kent,CT15 4HH,01539-784239,01550-347724,elden_mercik@mercik.co.uk,http://www.leestandvm.co.uk,Elden Mercik,mercik.co.uk,9,False,3
Kami,Ferre,"Chomsky, Charles Esq",6996 Wrenbury St,Foleshill Ward,West Midlands,CV6 5RS,01775-876516,01542-149965,kami@yahoo.com,http://www.chomskycharlesesq.co.uk,Kami Ferre,yahoo.com,14,False,3
Selene,Zeng,Dustbooks,2 Prince Rupert St,West Wickham Ward,Greater London,BR3 6SX,01741-833047,01345-685146,selene@yahoo.com,http://www.dustbooks.co.uk,Selene Zeng,yahoo.com,17,False,1
Deangelo,Rardon,Ric Lo Productions Ltd,9970 Clyde Rd,Woodham Ward,Surrey,KT15 3NW,01748-535438,01788-520912,deangelo_rardon@yahoo.com,http://www.ricloproductionsltd.co.uk,Deangelo Rardon,yahoo.com,12,False,4
Olen,Ailey,"Shohet, Grace C Esq",9 Fielding St,Wombourne,Staffordshire,WV5 0BB,01654-865551,01354-169004,olen@gmail.com,http://www.shohetgracecesq.co.uk,Olen Ailey,gmail.com,9,True,4
Lanie,Smarsh,Lbt,555 Ludlow St,Trowbridge,Wiltshire,BA14 9JB,01973-841918,01731-921990,lanie@yahoo.com,http://www.lbt.co.uk,Lanie Smarsh,yahoo.com,10,False,1
Lynna,Breheny,Wky Am 930 Stereo,1 James St #4,St. Andrews Ward,Fife,KY16 9EE,01914-909214,01868-440687,lynna@yahoo.com,http://www.wkyamstereo.co.uk,Lynna Breheny,yahoo.com,16,False,4
Jody,Klitzing,Dan Dee Belt & Bag Co Inc,3 Byng St #524,Pinhoe Ward,Devon,EX1 3SF,01822-390245,01783-870336,jody_klitzing@hotmail.com,http://www.dandeebeltbagcoinc.co.uk,Jody Klitzing,hotmail.com,11,False,7
Antonio,Glasford,Saint Thomas Creations,425 Howley St,Gaer Community,Newport,NP20 3DE,01463-409090,01242-318420,antonio_glasford@glasford.co.uk,http://www.saintthomascreations.co.uk,Antonio Glasford,glasford.co.uk,14,False,3
Merilyn,Scurci,New York C Liquidators Inc,4041 Virgil St,Headley,Surrey,KT18 6PZ,01770-233355,01617-651554,merilyn_scurci@hotmail.com,http://www.newyorkcliquidatorsinc.co.uk,Merilyn Scurci,hotmail.com,7,False,5
Elliott,Kins,John Noda A Law Ofc Lawrence E,32 High Park St #44,St. Margarets with St. Nichola,Norfolk,PE30 1QE,01727-926540,01422-984862,elliott@gmail.com,http://www.johnnodaalawofclawrencee.co.uk,Elliott Kins,gmail.com,30,True,7
Leonie,Devereux,Mr Bar B Q Inc,88 Vernon St,Dunbar and East Linton Ward,East Lothian,EH42 1SJ,01515-840778,01859-764851,leonie_devereux@gmail.com,http://www.mrbarbqinc.co.uk,Leonie Devereux,gmail.com,27,True,5
Eulah,Syrop,Atec,62 Euston St,Bunhill Ward,Greater London,EC1Y 8RT,01666-133305,01295-758471,eulah@syrop.co.uk,http://www.atec.co.uk,Eulah Syrop,syrop.co.uk,12,False,1
Marsha,Tarry,Allgood Industries,74 Medlock St,Chorlton Park Ward,Greater Manchester,M20 1JG,01203-684728,01490-554237,marsha.tarry@yahoo.com,http://www.allgoodindustries.co.uk,Marsha Tarry,yahoo.com,18,False,2
Mignon,Luger,National Lime Association,80 Talbot St,Edgeley and Cheadle Heath Ward,Cheshire,SK3 9RD,01934-252795,01491-473626,mignon@gmail.com,http://www.nationallimeassociation.co.uk,Mignon Luger,gmail.com,30,True,3
Tu,Rivet,Gemini Hats & Accessories Inc,31 Buckingham Ave #3785,Cotham Ward,Bristol,BS6 5SR,01578-744350,01577-559109,tu_rivet@gmail.com,http://www.geminihatsaccessoriesinc.co.uk,Tu Rivet,gmail.com,11,True,5
Adelle,Schantini,Creative Photography Inc,162 Grayson St,Greenlands Ward,Lancashire,FY2 0TD,01624-595660,01938-262356,adelle_schantini@yahoo.com,http://www.creativephotographyinc.co.uk,Adelle Schantini,yahoo.com,15,False,3
Douglass,Fonnesbeck,"Goodspeed, Paul E Esq",5 Webb St #8,Boothen and Oak Hill Ward,Stoke-on-Trent,ST4 1EB,01305-958705,01591-592334,douglass@fonnesbeck.co.uk,http://www.goodspeedpauleesq.co.uk,Douglass Fonnesbeck,fonnesbeck.co.uk,25,False,4
Evette,Mazierski,Consolidated Aluminum,8092 Firdale Rd,Stoneygate Ward,Leicester,LE5 5RE,01277-740331,01371-832134,emazierski@mazierski.co.uk,http://www.consolidatedaluminum.co.uk,Evette Mazierski,mazierski.co.uk,15,False,2
Geraldo,Okoren,Guadalajara Bar & Grille,68 Carno St,City and Hunslet Ward,West Yorkshire,LS10 1SJ,01374-376226,01460-792423,gokoren@okoren.co.uk,http://www.guadalajarabargrille.co.uk,Geraldo Okoren,okoren.co.uk,21,False,4
Clarinda,Pelayo,Tejas Loans,714 Moored St,Trelawnyd and Gwaenysgor Commu,Denbighshire,LL18 6DH,01902-887021,01824-104045,cpelayo@pelayo.co.uk,http://www.tejasloans.co.uk,Clarinda Pelayo,pelayo.co.uk,30,False,2
Reuben,Mccorrison,Kyes Tv Channel 5,545 North John St,Cobham and Downside Ward,Surrey,KT11 2HT,01337-407282,01261-922803,reuben.mccorrison@hotmail.com,http://www.kyestvchannel.co.uk,Reuben Mccorrison,hotmail.com,24,False,4
Yen,Groody,Daily Advance,21 Pilgrim St,Leighton-Linslade,Bedfordshire,LU7 2NZ,01882-911812,01487-684191,ygroody@groody.co.uk,http://www.dailyadvance.co.uk,Yen Groody,groody.co.uk,17,False,2
Tanja,Milne,Austin Periodical Services,9772 Teilo St,Hetton,Tyne and Wear,DH5 0PH,01584-615989,01646-529634,tanja.milne@yahoo.com,http://www.austinperiodicalservices.co.uk,Tanja Milne,yahoo.com,6,False,3
Jerlene,Holtgrewe,Granite Construction Co,33 Fonthill Rd,Hodge Hill Ward,West Midlands,B36 8JE,01993-956208,01993-323238,jholtgrewe@yahoo.com,http://www.graniteconstructionco.co.uk,Jerlene Holtgrewe,yahoo.com,15,False,3
Almeta,Keehner,"Hoolahan, Catherine G Esq",3 Ivyleigh,Loundsley Green Ward,Derbyshire,S40 4LW,01291-250423,01221-177854,akeehner@hotmail.com,http://www.hoolahancatherinegesq.co.uk,Almeta Keehner,hotmail.com,20,False,4
Wilda,Brigham,Morelli Hoskins Ford,501 Sandon Terrace #200,Little Clacton,Essex,CO16 9LZ,01950-109108,01300-561046,wilda@brigham.co.uk,http://www.morellihoskinsford.co.uk,Wilda Brigham,brigham.co.uk,14,False,3
Remedios,Arlinghaus,"Miller, Martin M Esq",9 Duckenfield St,Aldbrough,E Riding of Yorkshire,HU11 4QA,01536-498792,01883-435283,remedios.arlinghaus@gmail.com,http://www.millermartinmesq.co.uk,Remedios Arlinghaus,gmail.com,9,True,4
Margret,Alcazar,Advantage Title & Escrow Inc,5466 Sedley St,Coatbridge South Ward,North Lanarkshire,ML5 4LJ,01626-590776,01633-731246,margret@alcazar.co.uk,http://www.advantagetitleescrowinc.co.uk,Margret Alcazar,alcazar.co.uk,21,False,5
Denny,Casalenda,Ringo International Inc,75 Brewster St #453,Redlands Ward,Berkshire,RG1 5EX,01349-134533,01589-277770,dcasalenda@gmail.com,http://www.ringointernationalinc.co.uk,Denny Casalenda,gmail.com,13,True,3
Carolynn,Atkison,Dorval Trading Co Ltd,7901 Beech St,St. Helier Ward,Greater London,SM4 5PY,01815-665993,01508-291713,carolynn.atkison@hotmail.com,http://www.dorvaltradingcoltd.co.uk,Carolynn Atkison,hotmail.com,15,False,4
Amina,Goulbourne,Poag Grain Inc,684 Cotswold St,Victoria Ward,Greater London,E9 7NG,01536-114519,01830-969710,amina@yahoo.com,http://www.poaggraininc.co.uk,Amina Goulbourne,yahoo.com,13,False,3
Janna,Przybyl,Southwest Ms Shopg Bag,5 April Rd #13,Wheatley Ward,South Yorkshire,DN1 2TU,01684-628072,01560-680129,jprzybyl@przybyl.co.uk,http://www.southwestmsshopgbag.co.uk,Janna Przybyl,przybyl.co.uk,13,False,4
Emiko,Sayre,Scott Marlow Agency,8 Village St,Windlesham,Surrey,GU18 5YQ,01660-135336,01348-284404,emiko.sayre@yahoo.com,http://www.scottmarlowagency.co.uk,Emiko Sayre,yahoo.com,10,False,3
In,Muns,Nursefinders,7 Haddock St #34,Saint Annes on the Sea,Lancashire,FY8 3TF,01574-363346,01381-491881,in_muns@muns.co.uk,http://www.nursefinders.co.uk,In Muns,muns.co.uk,22,False,1
Eleni,Vanscoik,"Simpson, Fred B Esq",9 Mather St,Sutton Vesey Ward,West Midlands,B73 6HH,01208-373467,01628-638196,eleni_vanscoik@gmail.com,http://www.simpsonfredbesq.co.uk,Eleni Vanscoik,gmail.com,17,True,4
Kandis,Alsbury,Fast Cash,70 Rose Vale,Reydon,Suffolk,IP18 6PE,01797-837270,01651-807856,kalsbury@hotmail.com,http://www.fastcash.co.uk,Kandis Alsbury,hotmail.com,6,False,2
Kina,Saltman,Mitchell Silliman Co Inc,29 Oregon St,Ruddington,Nottinghamshire,NG11 6JT,01515-506025,01788-849591,kina_saltman@gmail.com,http://www.mitchellsillimancoinc.co.uk,Kina Saltman,gmail.com,10,True,4
Jacki,Sterback,"Praver, David L Esq",15 East Albert Rd,Kingston Bagpuize with Southmo,Oxfordshire,OX13 5AW,01820-396117,01935-736077,jacki.sterback@gmail.com,http://www.praverdavidlesq.co.uk,Jacki Sterback,gmail.com,30,True,4
Fallon,Kerfoot,"Rotenstreich, H Andrew Esq",3186 Naylor St,Manor Castle Ward,South Yorkshire,S2 1HP,01538-649750,01505-472052,fallon.kerfoot@gmail.com,http://www.rotenstreichhandrewesq.co.uk,Fallon Kerfoot,gmail.com,17,True,4
Precious,Brabble,Sigmacom Corporation,9 Herbert St #77,Shenley,Hertfordshire,WD7 9AQ,01687-288043,01800-154821,precious_brabble@brabble.co.uk,http://www.sigmacomcorporation.co.uk,Precious Brabble,brabble.co.uk,7,False,2
Glory,Ona,Real Isle Properties,9830 Croxteth Rd,Pontefract North Ward,West Yorkshire,WF8 3YR,01469-868357,01535-699216,glory_ona@gmail.com,http://www.realisleproperties.co.uk,Glory Ona,gmail.com,21,True,3
Tamesha,Tyburski,"Liss, Amy Esq",1054 Gladys St,Bellshill Ward,North Lanarkshire,ML4 3EJ,01954-979729,01834-599647,tamesha.tyburski@gmail.com,http://www.lissamyesq.co.uk,Tamesha Tyburski,gmail.com,14,True,3
Brande,Cutlip,Real Estate Appraisals Inc,921 Douro St #1520,Rhoose Community,Vale of Glamorgan,CF62 3HN,01947-472569,01502-230191,bcutlip@yahoo.com,http://www.realestateappraisalsinc.co.uk,Brande Cutlip,yahoo.com,16,False,4
Olene,Skubis,"Luby, Joseph K Esq",180 Frodsham St,Grovehill Ward,Hertfordshire,HP2 7BD,01250-453315,01805-925115,olene_skubis@yahoo.com,http://www.lubyjosephkesq.co.uk,Olene Skubis,yahoo.com,14,False,4
Carey,Marchetta,New River Tire Company Inc,7217 Edge Grove,Sharston Ward,Greater Manchester,M22 4ZB,01750-379103,01498-699971,cmarchetta@hotmail.com,http://www.newrivertirecompanyinc.co.uk,Carey Marchetta,hotmail.com,13,False,5
Launa,Torez,"Farber, Mindy Esq",12 Gelling St,Trossachs and Teith Ward,Stirling,FK16 6DU,01670-547878,01919-422541,launa.torez@yahoo.com,http://www.farbermindyesq.co.uk,Launa Torez,yahoo.com,24,False,3
Dominga,Whitrock,"Nohr, Katharine M Esq",763 Roscoe St,Lobley Hill and Bensham Ward,Tyne and Wear,NE11 0AN,01341-700830,01382-638017,dominga@whitrock.co.uk,http://www.nohrkatharinemesq.co.uk,Dominga Whitrock,whitrock.co.uk,28,False,4
Dwight,Belyea,Skuttle Mfg Co,419 St Andrew St,Tibberton,Hereford and Worcester,WR9 7NS,01822-404490,01498-287540,dbelyea@belyea.co.uk,http://www.skuttlemfgco.co.uk,Dwight Belyea,belyea.co.uk,9,False,3
Cornell,Mccrossin,"Cheek, John D Esq",623 Cornhill,Stretton,Staffordshire,DE13 0DH,01608-748971,01279-418098,cornell.mccrossin@mccrossin.co.uk,http://www.cheekjohndesq.co.uk,Cornell Mccrossin,mccrossin.co.uk,8,False,4
Alverta,Topete,National Catholic Reporter,328 Havelock St #61,Addlestone Bourneside Ward,Surrey,KT15 2NL,01685-141932,01665-348077,alverta.topete@gmail.com,http://www.nationalcatholicreporter.co.uk,Alverta Topete,gmail.com,26,True,3
Felicia,Claybrooks,Strescon Industries Inc,1056 College St South,Chester-le-Street North and Ea,County Durham,DH2 2JZ,01722-395799,01451-992860,felicia@claybrooks.co.uk,http://www.stresconindustriesinc.co.uk,Felicia Claybrooks,claybrooks.co.uk,30,False,3
Carmen,Gillham,"Norda, Beth Dorsey Esq",11 Denison St #7,Orford Ward,Cheshire,WA2 9QB,01692-491267,01417-973243,carmen@hotmail.com,http://www.nordabethdorseyesq.co.uk,Carmen Gillham,hotmail.com,11,False,4
Ashlee,Beyl,Indiana Electronics Corp,30 Daulby St,Brympton,Somerset,BA20 2EJ,01832-837946,01605-854121,ashlee.beyl@hotmail.com,http://www.indianaelectronicscorp.co.uk,Ashlee Beyl,hotmail.com,8,False,3
Vannessa,Land,Port Delivery Systems,201 Bran St,Ashford Common Ward,Surrey,TW15 2AJ,01206-207771,01553-402712,vannessa.land@yahoo.com,http://www.portdeliverysystems.co.uk,Vannessa Land,yahoo.com,19,False,3
Patti,Rempel,"Meder, Randy F Cpa",1346 Vandyke St,Hove Park Ward,Brighton and Hove,BN3 6NS,01539-157435,01334-638031,patti@rempel.co.uk,http://www.mederrandyfcpa.co.uk,Patti Rempel,rempel.co.uk,14,False,4
German,Meyerhoff,S M Copiers,883 Howe St,Clayton-le-Moors Ward,Lancashire,BB5 5TJ,01790-887225,01808-674829,german@meyerhoff.co.uk,http://www.smcopiers.co.uk,German Meyerhoff,meyerhoff.co.uk,21,False,3
Anika,Marse,Milton Terry Associates,231 Wordsworth St,Harrow Weald Ward,Greater London,HA3 6TH,01942-654793,01654-746253,anika@marse.co.uk,http://www.miltonterryassociates.co.uk,Anika Marse,marse.co.uk,17,False,3
Cristina,Marola,Pro Img Mktng & Pub Rel Inc,2449 Amberly St #6364,Temple Newsam Ward,West Yorkshire,LS15 0PQ,01264-145506,01538-230493,cmarola@gmail.com,http://www.proimgmktngpubrelinc.co.uk,Cristina Marola,gmail.com,18,True,7
Lemuel,Allis,Computer Security Cnslnts Inc,8430 Shadwell St,Great Barr with Yew Tree Ward,West Midlands,WS5 4SU,01580-252868,01704-416123,lemuel_allis@yahoo.com,http://www.computersecuritycnslntsinc.co.uk,Lemuel Allis,yahoo.com,29,False,4
Joaquin,Hysom,Sport Toyota,115 Lister Rd,Barnfield Ward,Lancashire,BB5 2EY,01616-548910,01475-223867,jhysom@gmail.com,http://www.sporttoyota.co.uk,Joaquin Hysom,gmail.com,14,True,2
Kerrie,Makuch,Kinkos Copies,7855 Sir Thomas St #7499,Calstock,Cornwall,PL17 8AR,01854-749084,01966-883088,kmakuch@gmail.com,http://www.kinkoscopies.co.uk,Kerrie Makuch,gmail.com,8,True,2
Alaine,Raterman,Putnam Co Inc,1 Milton St,Little Missenden,Buckinghamshire,HP16 0DH,01927-151413,01525-172423,alaine@hotmail.com,http://www.putnamcoinc.co.uk,Alaine Raterman,hotmail.com,16,False,3
Shannon,Kobayashi,Hungs,1111 Nesfield St,Tonge with the Haulgh Ward,Greater Manchester,BL2 2SU,01620-435994,01436-122588,shannon@yahoo.com,http://www.hungs.co.uk,Shannon Kobayashi,yahoo.com,26,False,1
Corinne,Holman,Herculite Mason Supply Inc,1831 Richards St #8,Berkhamsted,Hertfordshire,HP4 2AF,01933-753592,01857-675359,corinne@holman.co.uk,http://www.herculitemasonsupplyinc.co.uk,Corinne Holman,holman.co.uk,11,False,4
Heidy,Hallford,New England Die Co Inc,8054 Low Hill,Prestbury,Gloucestershire,GL52 3BY,01958-748582,01753-105955,hhallford@hotmail.com,http://www.newenglanddiecoinc.co.uk,Heidy Hallford,hotmail.com,9,False,5
Marylyn,Shonerd,Barker Electronics,7252 Dansie St,East Finchley Ward,Greater London,N2 9JL,01721-694690,01449-123164,marylyn_shonerd@yahoo.com,http://www.barkerelectronics.co.uk,Marylyn Shonerd,yahoo.com,18,False,2
Maryln,Mortenson,"Mullins, Glen Esq",76 Paulton St,Lancaster Gate Ward,Greater London,W2 3JT,01618-628525,01421-574935,maryln@gmail.com,http://www.mullinsglenesq.co.uk,Maryln Mortenson,gmail.com,19,True,3
Pearlie,Flori,Marine Safety International,4 Cochrane St,Iwade,Kent,ME9 8UJ,01235-935599,01583-844244,pearlie_flori@gmail.com,http://www.marinesafetyinternational.co.uk,Pearlie Flori,gmail.com,5,True,3
Nina,Yaklin,Ramm Metals Inc,5679 Gloucester Pl,Calton Ward,Dunbartonshire,G40 4BH,01434-621318,01370-171283,nyaklin@hotmail.com,http://www.rammmetalsinc.co.uk,Nina Yaklin,hotmail.com,11,False,3
Vivienne,Torrain,Finley Colmer & Co,45 Ledward St,Wilsden,West Yorkshire,BD15 0NJ,01782-100832,01377-242360,vivienne@hotmail.com,http://www.finleycolmerco.co.uk,Vivienne Torrain,hotmail.com,7,False,4
Jacob,Kippel,Acc Automation Inc,4 Monmouth Rd,Llwyn-y-Pia Community,Rhondda Cynon Taff,CF40 2JJ,01550-463222,01567-215689,jacob.kippel@yahoo.com,http://www.accautomationinc.co.uk,Jacob Kippel,yahoo.com,21,False,3
Tula,Nahmias,"Anstoetter, Mark D Esq",64 Croyland St,Clackmannanshire South Ward,Clackmannanshire,FK10 2LA,01846-815511,01320-223056,tnahmias@nahmias.co.uk,http://www.anstoettermarkdesq.co.uk,Tula Nahmias,nahmias.co.uk,27,False,4
Berry,Scandalis,American Fine Foods Inc,4 Vivian St,Corporation Park Ward,Lancashire,BB2 6LB,01379-603039,01375-150068,berry.scandalis@gmail.com,http://www.americanfinefoodsinc.co.uk,Berry Scandalis,gmail.com,21,True,4
Kaycee,Carsten,Dohn Law Offices Inc Ps,35 Dublin St,Cirencester,Gloucestershire,GL7 2EY,01270-893129,01837-463418,kaycee.carsten@gmail.com,http://www.dohnlawofficesincps.co.uk,Kaycee Carsten,gmail.com,11,True,5
Melvin,Setter,Rex Internatl,87 Pickup St,Franche Ward,Hereford and Worcester,DY10 2ZQ,01401-151569,01938-566719,melvin_setter@setter.co.uk,http://www.rexinternatl.co.uk,Melvin Setter,setter.co.uk,12,False,2
Brianne,Matsumura,Bender & Associates,7 Cottenham St,Mossend and Holytown Ward,North Lanarkshire,ML1 4TD,01519-417660,01979-425319,brianne@matsumura.co.uk,http://www.benderassociates.co.uk,Brianne Matsumura,matsumura.co.uk,25,False,3
Eugene,Pelzer,Fashion Corner Inc,622 Holmes St,Heath Town Ward,Staffordshire,WV10 0AW,01839-920108,01413-591144,eugene_pelzer@gmail.com,http://www.fashioncornerinc.co.uk,Eugene Pelzer,gmail.com,15,True,3
Margery,Rohrs,C G Mccullough Insurance Agcy,40 Peters Lane,Long Preston,North Yorkshire,BD23 4NF,01634-340524,01933-273913,margery@hotmail.com,http://www.cgmcculloughinsuranceagcy.co.uk,Margery Rohrs,hotmail.com,12,False,5
Noel,Sarra,Orkin Exterminating Co Inc,2 Cockburn St,Seaham,County Durham,SR7 0AR,01868-736780,01874-679913,nsarra@gmail.com,http://www.orkinexterminatingcoinc.co.uk,Noel Sarra,gmail.com,6,True,4
Beula,Lingo,Bauer Coatings,65 Oban Rd,St. Austell,Cornwall,PL25 5AH,01322-144392,01525-977834,beula_lingo@yahoo.com,http://www.bauercoatings.co.uk,Beula Lingo,yahoo.com,11,False,2
Sheridan,Mckenize,Word & Image Workshop Inc,31 Davy St,Aveton Gifford,Devon,TQ7 4NF,01512-765064,01776-874349,sheridan.mckenize@hotmail.com,http://www.wordimageworkshopinc.co.uk,Sheridan Mckenize,hotmail.com,14,False,5
Dino,Meinert,Container Decorating Inc,80 Ellerslie Rd,Trotton with Chithurst,West Sussex,GU31 5JN,01802-634391,01636-635483,dino.meinert@yahoo.com,http://www.containerdecoratinginc.co.uk,Dino Meinert,yahoo.com,22,False,3
Rebbeca,Rubinstein,"Cullen, Jack J Esq",4 Sherwood St,Speke-Garston Ward,Merseyside,L24 6SH,01708-724957,01862-469721,rebbeca_rubinstein@hotmail.com,http://www.cullenjackjesq.co.uk,Rebbeca Rubinstein,hotmail.com,18,False,4
Celia,Reisling,Bridger Valley General Store,8362 Whithorn St,Leatherhead South Ward,Surrey,KT22 8AP,01309-159593,01299-509105,celia.reisling@hotmail.com,http://www.bridgervalleygeneralstore.co.uk,Celia Reisling,hotmail.com,22,False,4
Stefania,Weatherwax,Robert Vance Ltd,25 Dale St #2,Kirkintilloch East and Twechar,East Dunbartonshire,G66 3LX,01698-705920,01879-295373,sweatherwax@yahoo.com,http://www.robertvanceltd.co.uk,Stefania Weatherwax,yahoo.com,30,False,3
Leah,Luchterhand,Safeguard Chemical Corp,68 Scotland Place,Loughborough Hastings Ward,Leicestershire,LE11 2NX,01777-851028,01615-475126,leah@hotmail.com,http://www.safeguardchemicalcorp.co.uk,Leah Luchterhand,hotmail.com,26,False,3
Billy,Selma,Taylor Inn,338 Alfonso Rd,Alphington Ward,Devon,EX2 8LL,01270-345115,01907-239135,billy.selma@yahoo.com,http://www.taylorinn.co.uk,Billy Selma,yahoo.com,15,False,2
Doug,Lucore,"Barr, Albert S Iii",65 Rankin St,Woodford cum Membris,Northamptonshire,NN11 3QR,01943-467489,01744-123819,dlucore@yahoo.com,http://www.barralbertsiii.co.uk,Doug Lucore,yahoo.com,20,False,4
Veronica,Mcclodden,Las Vegas Art Museum,8 Cookson St,Temple Newsam Ward,West Yorkshire,LS15 9EP,01456-906658,01238-284853,veronica@hotmail.com,http://www.lasvegasartmuseum.co.uk,Veronica Mcclodden,hotmail.com,18,False,4
Laquanda,Kho,Bayou Welding Works Inc,7 Lockhart St,Billesley Ward,West Midlands,B14 5HS,01725-370369,01271-465942,laquanda.kho@yahoo.com,http://www.bayouweldingworksinc.co.uk,Laquanda Kho,yahoo.com,14,False,4
Mohammad,Poitra,"Kenyon, William R Esq",363 Vandries St,Milton Ward,Essex,SS0 7TF,01705-240007,01216-234330,mpoitra@yahoo.com,http://www.kenyonwilliamresq.co.uk,Mohammad Poitra,yahoo.com,11,False,4
Mozell,Westad,Fox Vision Center,8 Gertrude St,Mossley,Greater Manchester,OL5 0QJ,01348-989703,01766-783716,mozell.westad@westad.co.uk,http://www.foxvisioncenter.co.uk,Mozell Westad,westad.co.uk,7,False,3
Bronwyn,Bridgford,Edgemere Finance Company,826 Rumney Rd West #7,Dingwall and Seaforth Ward,Highland,IV15 9SD,01407-312329,01917-604110,bronwyn.bridgford@yahoo.com,http://www.edgemerefinancecompany.co.uk,Bronwyn Bridgford,yahoo.com,26,False,3
Jeff,Brossoit,Jeh Construction Co,954 Madelaine St,Central Ward,Wiltshire,SN5 8WG,01593-501965,01383-683074,jeff.brossoit@yahoo.com,http://www.jehconstructionco.co.uk,Jeff Brossoit,yahoo.com,12,False,3
Shantay,Hopman,Smith & Dekay Ps,7602 Brook St #86,Broomhill Ward,Nottinghamshire,NG18 9SZ,01516-850881,01252-239714,shopman@hopman.co.uk,http://www.smithdekayps.co.uk,Shantay Hopman,hopman.co.uk,14,False,4
Chantay,Jirsa,Posey Company,966 Bower St,Frimley Green Ward,Surrey,GU16 9BB,01721-910475,01324-899303,chantay_jirsa@jirsa.co.uk,http://www.poseycompany.co.uk,Chantay Jirsa,jirsa.co.uk,18,False,2
Keneth,Stpierrie,Mueller Repro Blue Printg,2 Seacombe St,Littleborough Lakeside Ward,Greater Manchester,OL15 0JP,01919-731224,01325-412836,keneth_stpierrie@hotmail.com,http://www.muellerreproblueprintg.co.uk,Keneth Stpierrie,hotmail.com,27,False,4
Alton,Rampy,Reliable Metalcraft Inc,83 Battenburg St,Girvan and South Carrick Ward,South Ayrshire,KA26 0DY,01767-568989,01506-160673,alton_rampy@gmail.com,http://www.reliablemetalcraftinc.co.uk,Alton Rampy,gmail.com,29,True,3
Patrick,Teisberg,"Dworkin, Michael L",2 Whitefield Rd,Leigh-on-Sea,Essex,SS9 2DJ,01842-131065,01217-730044,patrick@hotmail.com,http://www.dworkinmichaell.co.uk,Patrick Teisberg,hotmail.com,12,False,3
Theron,Merriam,"Percival, Mark R Esq",869 Luke St,Wonersh,Surrey,GU5 0QU,01655-809574,01859-311417,theron@merriam.co.uk,http://www.percivalmarkresq.co.uk,Theron Merriam,merriam.co.uk,7,False,4
Pilar,Seelig,Demer Normann Smith Ltd,4 Ogwen St,Chichester,West Sussex,PO19 9PF,01356-866584,01814-760513,pilar@yahoo.com,http://www.demernormannsmithltd.co.uk,Pilar Seelig,yahoo.com,10,False,4
Lashunda,Argiro,Kluza Associates,205 Forge St #4021,Stainburn,North Yorkshire,LS21 2LS,01422-728149,01653-381714,lashunda@yahoo.com,http://www.kluzaassociates.co.uk,Lashunda Argiro,yahoo.com,9,False,2
Verda,Chiphe,Ardrox,999 Upper Harrington St #61,Earlestown Ward,Merseyside,WA12 9WX,01754-426672,01349-935774,vchiphe@chiphe.co.uk,http://www.ardrox.co.uk,Verda Chiphe,chiphe.co.uk,15,False,1
Ashley,Tropp,Everythings A Dollar,3 Greenleaf St #5644,Blyth,Northumberland,NE24 2RY,01951-324927,01602-307715,ashley.tropp@gmail.com,http://www.everythingsadollar.co.uk,Ashley Tropp,gmail.com,5,True,3
Vesta,Havely,Tool Service Company Inc,493 Wellington Rd,Upper Rawcliffe-with-Tarnacre,Lancashire,PR3 0UH,01772-461124,01571-126025,vhavely@havely.co.uk,http://www.toolservicecompanyinc.co.uk,Vesta Havely,havely.co.uk,29,False,4
Emogene,Ritthaler,Mcdonald Service Station,1257 Stone St,Northwood Ward,Greater London,HA6 1AN,01681-212638,01638-969550,emogene.ritthaler@yahoo.com,http://www.mcdonaldservicestation.co.uk,Emogene Ritthaler,yahoo.com,14,False,3
Shayne,Mordhorst,Don Allen & Associates Pa,1 Bousfield St,Shrewsbury,Shropshire,SY3 8NG,01286-279043,01450-144052,smordhorst@mordhorst.co.uk,http://www.donallenassociatespa.co.uk,Shayne Mordhorst,mordhorst.co.uk,10,False,5
Franchesca,Charry,"Cappello, A Barry Esq",59 Westminster Rd,Empress Ward,Hampshire,GU14 8AY,01748-827176,01707-624969,franchesca@gmail.com,http://www.cappelloabarryesq.co.uk,Franchesca Charry,gmail.com,12,True,4
Elmira,Ringlein,"Hyland, Richard S Esq",143 Clark St #802,Halliwell Ward,Greater Manchester,BL1 2PS,01934-672498,01347-140077,eringlein@gmail.com,http://www.hylandrichardsesq.co.uk,Elmira Ringlein,gmail.com,14,True,4
Destiny,Madlem,Diesel Recon,421 Monument Place #44,Hartburn Ward,Stockton-on-Tees,TS21 1BA,01421-624966,01819-393510,destiny@yahoo.com,http://www.dieselrecon.co.uk,Destiny Madlem,yahoo.com,13,False,2
Gaston,Szumski,Red Giant Foods Inc,8 Gullett St,West Garioch Ward,Aberdeenshire,AB51 0HT,01651-911453,01923-233578,gaston.szumski@hotmail.com,http://www.redgiantfoodsinc.co.uk,Gaston Szumski,hotmail.com,17,False,4
Ronna,Mittler,Bethesda Gazette,2767 Pembroke St #979,Roundway,Wiltshire,SN10 3FQ,01214-651738,01794-156776,ronna_mittler@hotmail.com,http://www.bethesdagazette.co.uk,Ronna Mittler,hotmail.com,8,False,2
Angelica,Poisso,Chemical Consultants,47 Orry St #8243,Castleford Central and Glassho,West Yorkshire,WF10 4DW,01472-449327,01758-700994,apoisso@gmail.com,http://www.chemicalconsultants.co.uk,Angelica Poisso,gmail.com,30,True,2
Casie,Arzilli,Wenatchee Valley Fed Crdt Un,5 Noon St,Melton Dorian Ward,Leicestershire,LE13 0RG,01289-195823,01372-334070,casie@gmail.com,http://www.wenatcheevalleyfedcrdtun.co.uk,Casie Arzilli,gmail.com,18,True,5
Magdalene,Cocherell,Southern Interiors Inc,510 Belvidere Rd,Patching Hall Ward,Essex,CM1 4BY,01546-162965,01420-141828,magdalene_cocherell@yahoo.com,http://www.southerninteriorsinc.co.uk,Magdalene Cocherell,yahoo.com,18,False,3
Erasmo,Gath,Pan Optx,860 Rokeby St,Sunningdale,Berkshire,SL5 0AZ,01445-796544,01650-307192,egath@hotmail.com,http://www.panoptx.co.uk,Erasmo Gath,hotmail.com,11,False,2
Rosalia,Ziv,"Arias, Michele Ann Md",9362 Solomon St #97,Castle Ward,Northamptonshire,NN8 4DR,01414-349699,01552-437406,rosalia.ziv@ziv.co.uk,http://www.ariasmicheleannmd.co.uk,Rosalia Ziv,ziv.co.uk,11,False,4
Lyda,Cronholm,Print Shop,916 Strand St #4753,Leek,Staffordshire,ST13 5AW,01672-538356,01347-674237,lyda.cronholm@cronholm.co.uk,http://www.printshop.co.uk,Lyda Cronholm,cronholm.co.uk,4,False,2
Lisandra,Stueber,Wstu 1450 Am Radio Station,5 Bentinck St,Churchill Ward,Greater London,SW1V 3EW,01831-806301,01876-118051,lisandra_stueber@hotmail.com,http://www.wstuamradiostation.co.uk,Lisandra Stueber,hotmail.com,14,False,5
Sabina,Prok,T J Ward & Associates Inc,954 Birchdale Rd,Aspley Ward,Nottinghamshire,NG8 5PY,01932-112259,01304-274937,sabina.prok@prok.co.uk,http://www.tjwardassociatesinc.co.uk,Sabina Prok,prok.co.uk,11,False,6
Elenore,Gomoran,Bell Service Systems Inc,7 Great Orford St,Callington,Cornwall,PL17 7DT,01470-383444,01863-322796,elenore_gomoran@yahoo.com,http://www.bellservicesystemsinc.co.uk,Elenore Gomoran,yahoo.com,10,False,4
Brynn,Capra,Magic Valley Irrigation Supply,488 Mulberry St,Ravenshead,Nottinghamshire,NG15 9AE,01963-124789,01702-314016,brynn_capra@yahoo.com,http://www.magicvalleyirrigationsupply.co.uk,Brynn Capra,yahoo.com,10,False,4
Leeann,Flory,Fleetwood Area School District,1761 Johnstone St,Church Langley Ward,Essex,CM17 9TZ,01906-807997,01997-771926,leeann@gmail.com,http://www.fleetwoodareaschooldistrict.co.uk,Leeann Flory,gmail.com,19,True,4
Janet,Steimer,Alaska State Troopers,8899 Mere Lane,Midlothian West Ward,City of Edinburgh,EH20 9SJ,01506-627051,01698-817116,janet_steimer@hotmail.com,http://www.alaskastatetroopers.co.uk,Janet Steimer,hotmail.com,20,False,3
Lewis,Mellom,Lasting Impressions,6 St Hilda St,Central Ward,South Yorkshire,S1 1EQ,01954-643657,01511-606180,lewis@yahoo.com,http://www.lastingimpressions.co.uk,Lewis Mellom,yahoo.com,12,False,2
Jestine,Driscol,Glass Express,2725 Underley St #6452,Grangemouth Ward,Falkirk,FK3 8UB,01257-928278,01811-872937,jestine_driscol@driscol.co.uk,http://www.glassexpress.co.uk,Jestine Driscol,driscol.co.uk,16,False,2
Tatum,Parks,Quantum Consultants Inc,6061 Back Nile St,Rhos-on-Sea Community,Conwy,LL28 4NL,01567-457572,01818-141397,tparks@parks.co.uk,http://www.quantumconsultantsinc.co.uk,Tatum Parks,parks.co.uk,21,False,3
Kayleigh,Bendle,J A Associates,9735 Linton St #2284,Kingswells,Aberdeenshire,AB16 7RW,01312-772111,01355-733333,kayleigh.bendle@bendle.co.uk,http://www.jaassociates.co.uk,Kayleigh Bendle,bendle.co.uk,10,False,3
Lili,Imondi,Ide Haigney & Radio,9 Herbert St,Blyth,Northumberland,NE24 3DQ,01600-986258,01934-479439,lili_imondi@hotmail.com,http://www.idehaigneyradio.co.uk,Lili Imondi,hotmail.com,5,False,4
Sunshine,Senechal,"Dale, George F Esq",40 Cairo St,Warwick,Warwickshire,CV34 5LQ,01416-686933,01839-700945,sunshine.senechal@hotmail.com,http://www.dalegeorgefesq.co.uk,Sunshine Senechal,hotmail.com,7,False,4
Remona,Heier,M A C Insurance Agency,7199 St Clare Rd,Inverclyde South Ward,Inverclyde,PA16 7BT,01718-274321,01967-508345,remona.heier@heier.co.uk,http://www.macinsuranceagency.co.uk,Remona Heier,heier.co.uk,21,False,5
Gail,Carris,Audrey M Borland Studios,6 Conyers St #3346,Hamilton South Ward,South Lanarkshire,ML3 7TE,01292-196869,01547-190531,gcarris@hotmail.com,http://www.audreymborlandstudios.co.uk,Gail Carris,hotmail.com,19,False,4
Dong,Oropeza,"Mayo, Timothy L Esq",8657 Cedar St #2,Kinross-shire Ward,Perth and Kinross,KY13 8EQ,01573-788734,01955-221720,doropeza@hotmail.com,http://www.mayotimothylesq.co.uk,Dong Oropeza,hotmail.com,18,False,4
Larue,Ocacio,"Hollett, Byron P Esq",8 Jacob St,Daybrook Ward,Nottinghamshire,NG5 6JB,01577-443040,01654-933782,larue@yahoo.com,http://www.hollettbyronpesq.co.uk,Larue Ocacio,yahoo.com,13,False,4
Goldie,Sonkens,Veri Nu Products Corp,6174 Botanic Pl,Ravensthorpe Ward,Cambridgeshire,PE3 7BJ,01867-720033,01523-949034,gsonkens@sonkens.co.uk,http://www.verinuproductscorp.co.uk,Goldie Sonkens,sonkens.co.uk,17,False,4
Shelia,Plues,"Schen, Sanford E Md",9730 Dunnet St,Silloth-on-Solway,Cumbria,CA7 4RB,01818-260618,01574-927461,shelia@gmail.com,http://www.schensanfordemd.co.uk,Shelia Plues,gmail.com,17,True,4
Narcisa,Araiza,Danka Business Systems,8783 High St,Milton,Cambridgeshire,CB24 6ZR,01724-644767,01689-339758,naraiza@hotmail.com,http://www.dankabusinesssystems.co.uk,Narcisa Araiza,hotmail.com,6,False,3
Evelynn,Frede,"Hasselberg, Michael R Esq",8 Breckfield Road North,Seaham,County Durham,SR7 0AZ,01289-621482,01571-460710,evelynn.frede@gmail.com,http://www.hasselbergmichaelresq.co.uk,Evelynn Frede,gmail.com,6,True,4
Arlean,Calaf,Ed Miniat Inc,82 Waterhouse Lane,Llantrisant Community,Rhondda Cynon Taff,CF72 8LB,01448-395723,01407-700390,acalaf@yahoo.com,http://www.edminiatinc.co.uk,Arlean Calaf,yahoo.com,21,False,3
Tamra,Yu,Davis Commercial Contracting,2 Park Rd Walton #4338,Lansdown Ward,Gloucestershire,GL50 2LF,01891-816938,01635-523740,tamra.yu@hotmail.com,http://www.daviscommercialcontracting.co.uk,Tamra Yu,hotmail.com,13,False,3
Dusti,Maricle,"Garton, Jeffrey P Esq",59 Charles St,Victoria Ward,Kent,TN23 4GF,01642-202972,01806-219415,dusti@gmail.com,http://www.gartonjeffreypesq.co.uk,Dusti Maricle,gmail.com,13,True,4
Aracelis,Donham,Sm Toth Baldridge & Van Belkum,593 Kinglake St,Fowlmere,Cambridgeshire,SG8 7TP,01924-111018,01420-311467,aracelis.donham@hotmail.com,http://www.smtothbaldridgevanbelkum.co.uk,Aracelis Donham,hotmail.com,8,False,6
Filiberto,Fredrikson,Westoaks Glass,404 Aigburth St #4246,Audley Ward,Lancashire,BB1 2AA,01559-323337,01727-322116,filiberto_fredrikson@gmail.com,http://www.westoaksglass.co.uk,Filiberto Fredrikson,gmail.com,11,True,2
Leana,Stackpole,Direct Tools & Fasteners,690 Copenhagen Rd,Warham,Norfolk,NR23 1NJ,01248-325090,01386-257445,lstackpole@yahoo.com,http://www.directtoolsfasteners.co.uk,Leana Stackpole,yahoo.com,6,False,4
Man,Homer,Applied Robotic Tech Inc,7 Canton St,Mildmay Ward,Greater London,N1 4RF,01590-219449,01855-550515,man.homer@gmail.com,http://www.appliedrobotictechinc.co.uk,Man Homer,gmail.com,12,True,4
Lennie,Asley,Air Tech Streamlining,79 Pine St,Radcliffe West Ward,Greater Manchester,M26 1GH,01585-487560,01802-349902,lennie_asley@gmail.com,http://www.airtechstreamlining.co.uk,Lennie Asley,gmail.com,19,True,3
Arletta,Naomi,E Zaks & Co,9 Lodwick St,City and Hunslet Ward,West Yorkshire,LS1 8HZ,01255-805722,01518-773815,arletta_naomi@naomi.co.uk,http://www.ezaksco.co.uk,Arletta Naomi,naomi.co.uk,21,False,4
Chana,Perera,Olden Camera & Lens Co Inc,9 Ogwen St,Murdostoun Ward,North Lanarkshire,ML2 8LW,01477-796750,01858-335054,chana.perera@hotmail.com,http://www.oldencameralenscoinc.co.uk,Chana Perera,hotmail.com,15,False,6
Nell,Pao,"Madaus, Gerald F Jr",1730 Seymour St,Eastbrook Ward,Brighton and Hove,BN41 1QH,01308-582144,01773-576318,npao@gmail.com,http://www.madausgeraldfjr.co.uk,Nell Pao,gmail.com,14,True,4
Antonio,Heilig,Radisson Suite Hotel,35 Elton St #3,Ipplepen,Devon,TQ12 5LL,01324-171614,01442-946357,antonio.heilig@gmail.com,http://www.radissonsuitehotel.co.uk,Antonio Heilig,gmail.com,8,True,3
Gerald,Kernagis,Digital Solutions Inc,8 Hinton St #8241,Stowting,Kent,TN25 6BQ,01504-620944,01685-678054,gerald_kernagis@kernagis.co.uk,http://www.digitalsolutionsinc.co.uk,Gerald Kernagis,kernagis.co.uk,8,False,3
Sueann,Mandril,El Hispanic News,751 Stamford St,Werrington,Staffordshire,ST9 0AH,01886-226100,01717-449960,smandril@hotmail.com,http://www.elhispanicnews.co.uk,Sueann Mandril,hotmail.com,10,False,3
Alayna,Hoyal,South Bldg Code Congres,70 Royal St,Banchory and Mid Deeside Ward,Aberdeenshire,AB31 4AH,01964-720542,01983-132813,alayna_hoyal@hotmail.com,http://www.southbldgcodecongres.co.uk,Alayna Hoyal,hotmail.com,29,False,4
Talia,Marthe,Kenney Mfg Co,5 Minerva St,Westbury,Wiltshire,BA13 3QR,01711-170147,01607-480159,talia.marthe@gmail.com,http://www.kenneymfgco.co.uk,Talia Marthe,gmail.com,8,True,3
Pansy,Kopan,Oncor Inc,1 Northampton St,Madeley,Shropshire,TF7 4GA,01674-842315,01627-571972,pansy@kopan.co.uk,http://www.oncorinc.co.uk,Pansy Kopan,kopan.co.uk,7,False,2
Royce,Saik,Best Western Caprock Inn,2 Maple Grove,Kincorth,Aberdeenshire,AB12 5EJ,01972-770618,01431-812225,royce@hotmail.com,http://www.bestwesterncaprockinn.co.uk,Royce Saik,hotmail.com,8,False,4
Cherelle,Sorrel,"Wiltgen, Nancy A Esq",794 Hook St,Benwell and Scotswood Ward,Tyne and Wear,NE15 7JA,01753-327307,01212-458253,cherelle_sorrel@gmail.com,http://www.wiltgennancyaesq.co.uk,Cherelle Sorrel,gmail.com,26,True,4
Dudley,Dibartolo,"Mcknight, H Vincent Jr",91 Ludlow St,Woodhouse Ward,Greater London,N12 0EF,01997-409950,01722-935404,dudley_dibartolo@yahoo.com,http://www.mcknighthvincentjr.co.uk,Dudley Dibartolo,yahoo.com,14,False,4
Nettie,Aldaco,Miller Searl & Fitch,51 Freehold St #224,Wheatley Ward,"Yorkshire, South",DN2 4PP,01388-974910,01681-983353,nettie.aldaco@yahoo.com,http://www.millersearlfitch.co.uk,Nettie Aldaco,yahoo.com,13,False,4
Carline,Bulcao,"Brenner, Steven G Esq",7 Hey Green Rd #4,Rothwell Ward,West Yorkshire,LS26 8XE,01885-707109,01381-330004,carline@yahoo.com,http://www.brennerstevengesq.co.uk,Carline Bulcao,yahoo.com,13,False,4
Shanda,Lunger,Western Packing Co,2476 Marsh St,Markhouse Ward,Greater London,E17 8NP,01329-303595,01620-180931,slunger@gmail.com,http://www.westernpackingco.co.uk,Shanda Lunger,gmail.com,14,True,3
Emilio,Withers,Ardent Studios Inc,597 Threlfall St #72,Stokenham,Devon,TQ7 2HS,01523-697097,01890-447894,emilio_withers@yahoo.com,http://www.ardentstudiosinc.co.uk,Emilio Withers,yahoo.com,9,False,3
Lovetta,Study,Borton Petrini & Conron,1 Jervis St,High Barnet Ward,Greater London,EN5 4LH,01593-438141,01424-249976,lovetta@study.co.uk,http://www.bortonpetriniconron.co.uk,Lovetta Study,study.co.uk,16,False,4
Felice,Gone,A F Supl Co Div Automtc Firing,7602 Grantham St,Hexham,Northumberland,NE46 1QQ,01691-816025,01888-857515,felice.gone@hotmail.com,http://www.afsuplcodivautomtcfiring.co.uk,Felice Gone,hotmail.com,6,False,7
Stefania,Leadbeater,Murray Whisnant Architects,10 Carisbrooke St,Shorne,Kent,DA12 3ED,01706-546951,01356-906646,stefania_leadbeater@hotmail.com,http://www.murraywhisnantarchitects.co.uk,Stefania Leadbeater,hotmail.com,6,False,3
Margarita,Orloski,1893 Shops,78 Pine Grove,Stannington Ward,South Yorkshire,S6 5HE,01215-422453,01958-497953,margarita_orloski@yahoo.com,http://www.shops.co.uk,Margarita Orloski,yahoo.com,16,False,2
Paul,Farrin,"Dering, James E Esq",7 Varthen St,Town Ward,Kent,DA1 2DL,01407-775572,01879-963638,paul.farrin@farrin.co.uk,http://www.deringjameseesq.co.uk,Paul Farrin,farrin.co.uk,9,False,4
Anglea,Tritten,Waltons Carson Gardens,8 Thomaston St,Astley Bridge Ward,Greater Manchester,BL1 8RG,01818-292728,01436-350784,anglea_tritten@hotmail.com,http://www.waltonscarsongardens.co.uk,Anglea Tritten,hotmail.com,18,False,3
Ona,Bowhall,Cohen And Fromm Pc,527 Harding St,Market Rasen,Lincolnshire,LN8 3AD,01467-554624,01984-207421,ona@yahoo.com,http://www.cohenandfrommpc.co.uk,Ona Bowhall,yahoo.com,12,False,4
Germaine,Hascall,Prg Company,1616 Menzies St #453,Tadworth and Walton Ward,Surrey,KT20 7PA,01366-388506,01957-962781,ghascall@hotmail.com,http://www.prgcompany.co.uk,Germaine Hascall,hotmail.com,24,False,2
Vicky,Schellenberge,Medlab Environmental Test Inc,3922 Leda St,Moreton Morrell,Warwickshire,CV35 9BX,01625-805645,01602-772009,vschellenberge@hotmail.com,http://www.medlabenvironmentaltestinc.co.uk,Vicky Schellenberge,hotmail.com,15,False,4
Carolann,Gross,Leem Company Inc,6352 Grosvenor St,Wombourne,Staffordshire,WV5 0LP,01470-609953,01672-859754,carolann@gross.co.uk,http://www.leemcompanyinc.co.uk,Carolann Gross,gross.co.uk,9,False,3
Rusty,Adelsperger,"Clarke, James H Esq",4313 Princes Park Terrace,Launceston,Cornwall,PL15 9QN,01467-172590,01338-121225,rusty.adelsperger@yahoo.com,http://www.clarkejameshesq.co.uk,Rusty Adelsperger,yahoo.com,10,False,4
Cassandra,Bludworth,Lykes Bros Inc,9 Sydney Place,Henllan Community,Conwy,LL16 5AF,01903-614855,01583-648675,cbludworth@yahoo.com,http://www.lykesbrosinc.co.uk,Cassandra Bludworth,yahoo.com,17,False,3
Teresita,Gesell,Mason Insurance Agency Inc,2015 Suburban Rd,Springfield Ward,Greater London,N16 6TD,01914-501391,01372-236506,teresita_gesell@hotmail.com,http://www.masoninsuranceagencyinc.co.uk,Teresita Gesell,hotmail.com,16,False,4
Evangelina,Gius,J T Painting Corp,769 Euston St,Glastonbury,Somerset,BA6 8EY,01563-997671,01377-310696,evangelina.gius@yahoo.com,http://www.jtpaintingcorp.co.uk,Evangelina Gius,yahoo.com,11,False,4
Marlon,Tromblay,Solomon Metals Inc,46 Stevenson St,West End Ward,Dundee City,DD1 5EF,01919-394681,01869-607955,mtromblay@yahoo.com,http://www.solomonmetalsinc.co.uk,Marlon Tromblay,yahoo.com,13,False,3
Quiana,Scarsella,Looking Good,1400 Ash St,Thorpe Hamlet Ward,Norfolk,NR1 4HS,01446-936944,01492-687388,quiana_scarsella@hotmail.com,http://www.lookinggood.co.uk,Quiana Scarsella,hotmail.com,18,False,2
Viki,Humeniuk,Guldstrand Engineering Inc,8822 Trafalgar St,Yalding,Kent,ME18 6JE,01721-747819,01381-985978,vhumeniuk@gmail.com,http://www.guldstrandengineeringinc.co.uk,Viki Humeniuk,gmail.com,7,True,3
Domitila,Weissmann,"Ciocia, James A Esq",28 Berwick St,Moordown Ward,Bournemouth,BH9 1TT,01606-833878,01928-189722,domitila@gmail.com,http://www.ciociajamesaesq.co.uk,Domitila Weissmann,gmail.com,13,True,4
Ivan,Aronov,Center For Pediatrics,94 Regent St,Over Kellet,Lancashire,LA6 1DB,01478-392232,01410-877250,ivan@gmail.com,http://www.centerforpediatrics.co.uk,Ivan Aronov,gmail.com,11,True,3
Anabel,Baldock,William A Geppert True Value,30 Marine Parade #1,Staina Ward,Lancashire,FY5 4FN,01994-675650,01845-742562,anabel_baldock@hotmail.com,http://www.williamagepperttruevalue.co.uk,Anabel Baldock,hotmail.com,11,False,5
Carlton,Blyler,Hardware Specialty Co Inc,8 Pim Hill St,Portobello,City of Edinburgh,EH15 2HW,01437-681317,01604-200932,carlton@blyler.co.uk,http://www.hardwarespecialtycoinc.co.uk,Carlton Blyler,blyler.co.uk,10,False,4
Rashida,Vera,Creative Consultants,8451 Bengel St,Brixham,Devon,TQ5 9JW,01286-317691,01913-489634,rashida@hotmail.com,http://www.creativeconsultants.co.uk,Rashida Vera,hotmail.com,7,False,2
Sherron,Knodel,Fhk Corp,159 Carlton St,Windle Ward,Merseyside,WA10 6QG,01481-744296,01222-556548,sherron@knodel.co.uk,http://www.fhkcorp.co.uk,Sherron Knodel,knodel.co.uk,11,False,2
Cora,Mossing,Regis Brd Pro Engrs & Land,38 Raffles St,Newmarket,Cambridgeshire,CB8 8QE,01285-381062,01699-194090,cora@yahoo.com,http://www.regisbrdproengrsland.co.uk,Cora Mossing,yahoo.com,9,False,6
Altha,Tischner,Male Power Ltd,650 Goring St,Rainham South Ward,Kent,ME8 9PN,01373-594236,01698-785700,altha@hotmail.com,http://www.malepowerltd.co.uk,Altha Tischner,hotmail.com,18,False,3
Dortha,Yaccarino,Atc Power Systems,6 Chestnut St,Gwersyllt Community,Wrexham,LL11 4RJ,01528-240870,01254-458143,dortha@hotmail.com,http://www.atcpowersystems.co.uk,Dortha Yaccarino,hotmail.com,19,False,3
Diego,Augle,Farmers Electric Co Op Inc,4 Peover St,Walcot Ward,Bath Avon,BA1 6EF,01275-397587,01933-666689,diego.augle@gmail.com,http://www.farmerselectriccoopinc.co.uk,Diego Augle,gmail.com,11,True,5
Peggy,Khov,"Goldberg, Stephen M Esq",328 Pallas St,Longford Ward,Greater Manchester,M32 8LJ,01619-237602,01648-417310,peggy.khov@gmail.com,http://www.goldbergstephenmesq.co.uk,Peggy Khov,gmail.com,13,True,4
Walton,Yuki,Best Wstrn Host Mtr Htl Palm,9 Waltham Rd,Yealmpton,Devon,PL8 2NS,01872-808403,01885-290666,wyuki@gmail.com,http://www.bestwstrnhostmtrhtlpalm.co.uk,Walton Yuki,gmail.com,9,True,6
Vallie,Yafaie,Micro Lan,352 Strathmore Rd,Shiphay-with-the-Willows Ward,Devon,TQ2 7JB,01251-120872,01630-603260,vyafaie@hotmail.com,http://www.microlan.co.uk,Vallie Yafaie,hotmail.com,29,False,2
Tony,Diazdeleon,Dilling Harris Inc,529 Llanrwst St,Southam,Gloucestershire,GL52 8TW,01765-102036,01877-593275,tony@gmail.com,http://www.dillingharrisinc.co.uk,Tony Diazdeleon,gmail.com,7,True,3
Val,Villot,Horizon Air Magazine,1980 Tynemouth St,Almond Ward,West Lothian,EH52 5PY,01375-870188,01602-987840,val@yahoo.com,http://www.horizonairmagazine.co.uk,Val Villot,yahoo.com,11,False,3
Mel,Picciuto,Avante Limited,8598 Rumney Rd,Hylands Ward,Essex,RM11 1QL,01885-270480,01268-443299,mel.picciuto@gmail.com,http://www.avantelimited.co.uk,Mel Picciuto,gmail.com,12,True,2
Isabella,Piatkowski,"Miller, William E Iii",9283 Ruth St #81,Dormers Wells Ward,Greater London,UB1 2FH,01979-186995,01998-980054,isabella_piatkowski@piatkowski.co.uk,http://www.millerwilliameiii.co.uk,Isabella Piatkowski,piatkowski.co.uk,18,False,4
Erasmo,Rhea,Martin Morrissey,5544 Sutherland St,Mortehoe,Devon,EX34 7DQ,01507-386397,01899-316385,erasmo_rhea@hotmail.com,http://www.martinmorrissey.co.uk,Erasmo Rhea,hotmail.com,8,False,2
Ivory,Lohrenz,Auto Body Color,9 Jackson St,Parr Ward,Merseyside,WA9 3QW,01876-642683,01651-132519,ivory@hotmail.com,http://www.autobodycolor.co.uk,Ivory Lohrenz,hotmail.com,9,False,3
Nikita,Walka,"Fred, Anthony Esq",3612 Bixteth St,Hucknall North Ward,Nottinghamshire,NG15 8DD,01282-123434,01724-455145,nwalka@hotmail.com,http://www.fredanthonyesq.co.uk,Nikita Walka,hotmail.com,19,False,3
Aleta,Ligons,Advantage Bookkeeping,4545 Victoria Rd,Kilbirnie and Beith Ward,North Ayrshire,KA15 1AT,01952-535977,01715-637895,aleta_ligons@hotmail.com,http://www.advantagebookkeeping.co.uk,Aleta Ligons,hotmail.com,24,False,2
Owen,Jentzen,Capital Fasteners Inc,5 Hampden St,Liscard Ward,Merseyside,CH45 4RN,01467-142439,01917-137038,owen_jentzen@jentzen.co.uk,http://www.capitalfastenersinc.co.uk,Owen Jentzen,jentzen.co.uk,12,False,3
Pauline,Fling,Cumberland Vacuum Products,6452 Pilgrim St #5,Seven Sisters Ward,Greater London,N15 6TH,01990-476494,01458-113457,pfling@fling.co.uk,http://www.cumberlandvacuumproducts.co.uk,Pauline Fling,fling.co.uk,18,False,3
Tijuana,Machalek,"Schwartz, Thomas E Esq",1149 Highfield Rd #996,Fareham South Ward,Hampshire,PO14 9JJ,01242-532395,01336-686264,tijuana.machalek@gmail.com,http://www.schwartzthomaseesq.co.uk,Tijuana Machalek,gmail.com,18,True,4
Ahmad,Alsaqri,Alliance Construction Co Inc,21 Pickwick St,Sutton cum Duckmanton,Derbyshire,S44 5DS,01567-555570,01852-550588,ahmad.alsaqri@yahoo.com,http://www.allianceconstructioncoinc.co.uk,Ahmad Alsaqri,yahoo.com,21,False,4
Jamika,Conoly,"Keller, Raymond C",19 Soho St,Whitley Ward,Berkshire,RG1 9XH,01726-595316,01597-168997,jamika_conoly@conoly.co.uk,http://www.kellerraymondc.co.uk,Jamika Conoly,conoly.co.uk,12,False,3
Derrick,Dolloff,Proto Tek Manufacturing,236 Blantyre Rd,Everton Ward,Merseyside,L6 2EN,01982-734773,01619-554437,derrick_dolloff@gmail.com,http://www.prototekmanufacturing.co.uk,Derrick Dolloff,gmail.com,12,True,3
Jacquelyne,Reibman,Great Clips For Hair,70 Lilly Rd,Shirley Ward,Greater London,CR0 7PT,01846-581451,01850-754504,jacquelyne_reibman@yahoo.com,http://www.greatclipsforhair.co.uk,Jacquelyne Reibman,yahoo.com,12,False,4
Zachary,Freeburger,Country Kitchen,58 Gloucester Rd,Holbrook,Derbyshire,DE56 0TX,01888-641397,01240-433924,zachary.freeburger@freeburger.co.uk,http://www.countrykitchen.co.uk,Zachary Freeburger,freeburger.co.uk,8,False,2
Sophia,Gaucher,T C E Systems Inc,88 Upper Harrington St,North East Ward,North Lanarkshire,G69 8EL,01504-539114,01254-919378,sophia.gaucher@hotmail.com,http://www.tcesystemsinc.co.uk,Sophia Gaucher,hotmail.com,15,False,5
Isabelle,Kono,Rock Springs Petroleum Equip,4920 Fazakerley Rd,Plymstock Dunstone Ward,Devon,PL9 8RD,01552-682601,01953-816728,isabelle.kono@yahoo.com,http://www.rockspringspetroleumequip.co.uk,Isabelle Kono,yahoo.com,23,False,4
Ronnie,Brigman,Howard Johnson,6 Morley St,Batchwood Ward,Hertfordshire,AL3 5JN,01943-754681,01972-686199,ronnie@brigman.co.uk,http://www.howardjohnson.co.uk,Ronnie Brigman,brigman.co.uk,14,False,2
Krystina,Schlabaugh,Harris Oldsmobile Inc,7316 Friar St,Salvington Ward,West Sussex,BN13 3FL,01441-846477,01332-799979,kschlabaugh@schlabaugh.co.uk,http://www.harrisoldsmobileinc.co.uk,Krystina Schlabaugh,schlabaugh.co.uk,15,False,3
Rosita,Ausdemore,"Jurdem, Scott Esq",8 Heathfield St #657,Hailsham,East Sussex,BN27 1AJ,01273-236188,01997-765432,rausdemore@hotmail.com,http://www.jurdemscottesq.co.uk,Rosita Ausdemore,hotmail.com,8,False,3
Huey,Stancil,Lindner Funds,275 Peel Sq,Park Ward,North Eart Lincolnshire,DN32 0PT,01502-139578,01468-195646,hstancil@hotmail.com,http://www.lindnerfunds.co.uk,Huey Stancil,hotmail.com,9,False,2
Elbert,Fiorino,"Donald, G Nelson Esq",726 Westmoreland Place,Ballochmyle Ward,East Ayrshire,KA5 6EL,01724-467889,01992-537553,elbert@hotmail.com,http://www.donaldgnelsonesq.co.uk,Elbert Fiorino,hotmail.com,16,False,4
Pura,Manciel,Cia Inspection,7 Water St,Priory Heath Ward,Suffolk,IP3 9RB,01853-412588,01386-437186,pura.manciel@yahoo.com,http://www.ciainspection.co.uk,Pura Manciel,yahoo.com,17,False,2
Alesia,Katie,Nelsons Trmt & Pest Cntrl Co,4 Covent Garden,Farnworth Ward,Greater Manchester,BL4 7AF,01333-436799,01240-614527,alesia_katie@gmail.com,http://www.nelsonstrmtpestcntrlco.co.uk,Alesia Katie,gmail.com,14,True,6
Avery,Veit,Plaza Gourmet Delicatessen,9166 Devon St #905,Knightsbridge and Belgravia Wa,Greater London,SW1W 8JY,01748-625058,01369-185737,avery@veit.co.uk,http://www.plazagourmetdelicatessen.co.uk,Avery Veit,veit.co.uk,30,False,3
Reid,Euresti,"Fitzgerald, Edward J",70 Foster St,Inverness Ness-Side Ward,Highland,IV2 6WT,01916-963261,01370-319414,reuresti@euresti.co.uk,http://www.fitzgeraldedwardj.co.uk,Reid Euresti,euresti.co.uk,24,False,3
Charlette,Brenning,Furey & Associates,714 Fonthill Rd,Darton West Ward,South Yorkshire,S75 5EJ,01888-152110,01301-312487,cbrenning@brenning.co.uk,http://www.fureyassociates.co.uk,Charlette Brenning,brenning.co.uk,16,False,3
Celestina,Keeny,Bfg Federal Credit Union,9 Milton St,Consett North ED,County Durham,DH8 5LP,01877-379681,01600-463475,celestina_keeny@gmail.com,http://www.bfgfederalcreditunion.co.uk,Celestina Keeny,gmail.com,16,True,4
Mi,Richan,Nelson Wright Haworth Golf Crs,6 Norwood Grove,Tanworth-in-Arden,Warwickshire,B94 5RZ,01451-785624,01202-738406,mi@hotmail.com,http://www.nelsonwrighthaworthgolfcrs.co.uk,Mi Richan,hotmail.com,17,False,5
